CaseMasterID,CrimeNo,CaseNo,CrimeRegisteredDate,IncidentFromDate,IncidentToDate,InfoReceivedPSDate,latitude,longitude,BriefFacts,PolicePersonID,PoliceStationID,CaseCategoryID,GravityOffenceID,CrimeMajorHeadID,CrimeMinorHeadID,CaseStatusID,CourtID
1,405585047201300001,201300001,2013-11-27,2013-11-27 11:00:00,2013-11-27 12:00:00,2013-11-27 11:00:00,17.87761,77.33094,Other reported at UNIT-KA-BIDAR-02,500002,100002,1,1,1,1,1,700001
2,105584038201300002,201300002,2013-01-08,2013-01-08 12:00:00,2013-01-08 13:00:00,2013-01-08 12:00:00,18.10538,76.95505,Other reported at UNIT-KA-BIDAR-03,500003,100003,2,1,1,1,2,700001
3,305585047201300003,201300003,2013-07-12,2013-07-12 21:00:00,2013-07-12 22:00:00,2013-07-12 21:00:00,18.08547,77.75972,Other reported at UNIT-KA-BIDAR-02,500002,100002,3,1,1,1,2,700001
4,105584038201300004,201300004,2013-11-11,2013-11-11 19:00:00,2013-11-11 20:00:00,2013-11-11 19:00:00,18.10985,77.32565,Other reported at UNIT-KA-BIDAR-03,500003,100003,2,1,1,1,2,700001
5,105585047201300005,201300005,2013-02-12,2013-02-12 15:00:00,2013-02-12 16:00:00,2013-02-12 15:00:00,18.19774,77.00691,Other reported at UNIT-KA-BIDAR-02,500002,100002,2,1,1,1,1,700001
6,305584038201300006,201300006,2013-05-13,2013-05-13 09:00:00,2013-05-13 10:00:00,2013-05-13 09:00:00,18.21093,77.20837,Other reported at UNIT-KA-BIDAR-03,500003,100003,3,1,1,1,2,700001
7,105584038201300007,201300007,2013-11-16,2013-11-16 10:00:00,2013-11-16 11:00:00,2013-11-16 10:00:00,17.99822,77.29853,Kidnap Abduct reported at UNIT-KA-BIDAR-03,500003,100003,2,2,2,2,3,700001
8,105587635201300008,201300008,2013-03-14,2013-03-14 16:00:00,2013-03-14 17:00:00,2013-03-14 16:00:00,18.0516,77.37841,Other reported at UNIT-KA-BIDAR-01,500001,100001,2,1,1,1,4,700001
9,305585047201300009,201300009,2013-12-26,2013-12-26 14:00:00,2013-12-26 15:00:00,2013-12-26 14:00:00,17.73998,77.12799,Other reported at UNIT-KA-BIDAR-02,500002,100002,3,1,1,1,1,700001
10,105584038201300010,201300010,2013-03-03,2013-03-03 05:00:00,2013-03-03 06:00:00,2013-03-03 05:00:00,17.7808,77.08051,Other reported at UNIT-KA-BIDAR-03,500003,100003,2,1,1,1,1,700001
11,105587635201300011,201300011,2013-05-15,2013-05-15 18:00:00,2013-05-15 19:00:00,2013-05-15 18:00:00,17.87133,77.4598,Grievous Hurt reported at UNIT-KA-BIDAR-01,500001,100001,2,1,2,3,1,700001
12,105585047201300012,201300012,2013-12-10,2013-12-10 20:00:00,2013-12-10 21:00:00,2013-12-10 20:00:00,17.61834,76.91041,Grievous Hurt reported at UNIT-KA-BIDAR-02,500002,100002,2,1,2,3,5,700001
13,105585047201300013,201300013,2013-11-28,2013-11-28 09:00:00,2013-11-28 10:00:00,2013-11-28 09:00:00,17.96297,77.39999,Grievous Hurt reported at UNIT-KA-BIDAR-02,500002,100002,2,1,2,3,4,700001
14,405587635201300014,201300014,2013-06-19,2013-06-19 16:00:00,2013-06-19 17:00:00,2013-06-19 16:00:00,17.81879,77.16047,Theft reported at UNIT-KA-BIDAR-01,500001,100001,1,1,3,4,1,700001
15,405584038201300015,201300015,2013-04-09,2013-04-09 21:00:00,2013-04-09 22:00:00,2013-04-09 21:00:00,18.11356,77.42476,Grievous Hurt reported at UNIT-KA-BIDAR-03,500003,100003,1,1,2,3,2,700001
16,305585047201300016,201300016,2013-07-22,2013-07-22 18:00:00,2013-07-22 19:00:00,2013-07-22 18:00:00,18.17618,77.19199,Burglary reported at UNIT-KA-BIDAR-02,500002,100002,3,1,3,5,3,700001
17,405587635201300017,201300017,2013-12-14,2013-12-14 10:00:00,2013-12-14 11:00:00,2013-12-14 10:00:00,18.34392,77.21931,Theft reported at UNIT-KA-BIDAR-01,500001,100001,1,1,3,4,2,700001
18,105584038201300018,201300018,2013-11-24,2013-11-24 22:00:00,2013-11-24 23:00:00,2013-11-24 22:00:00,18.16047,77.08857,Other reported at UNIT-KA-BIDAR-03,500003,100003,2,1,1,1,1,700001
19,105584038201300019,201300019,2013-06-03,2013-06-03 18:00:00,2013-06-03 19:00:00,2013-06-03 18:00:00,18.09045,76.97286,Other reported at UNIT-KA-BIDAR-03,500003,100003,2,1,1,1,5,700001
20,105587635201300020,201300020,2013-04-06,2013-04-06 19:00:00,2013-04-06 20:00:00,2013-04-06 19:00:00,18.06156,76.98268,Riots reported at UNIT-KA-BIDAR-01,500001,100001,2,1,4,6,2,700001
21,105794236201300021,201300021,2013-03-28,2013-03-28 18:00:00,2013-03-28 19:00:00,2013-03-28 18:00:00,17.18255,76.84139,Other reported at UNIT-KA-KALABURAGI-01,500004,100004,2,1,1,1,2,700002
22,805794209201300022,201300022,2013-02-25,2013-02-25 10:00:00,2013-02-25 11:00:00,2013-02-25 10:00:00,17.27669,76.81698,Cruelty Husband reported at UNIT-KA-KALABURAGI-02,500005,100005,4,1,5,7,1,700002
23,105794236201300023,201300023,2013-02-19,2013-02-19 22:00:00,2013-02-19 23:00:00,2013-02-19 22:00:00,17.36902,76.85137,Other reported at UNIT-KA-KALABURAGI-01,500004,100004,2,1,1,1,5,700002
24,805794236201300024,201300024,2013-07-22,2013-07-22 12:00:00,2013-07-22 13:00:00,2013-07-22 12:00:00,17.10189,76.96718,Burglary reported at UNIT-KA-KALABURAGI-01,500004,100004,4,1,3,5,2,700002
25,105794236201300025,201300025,2013-02-09,2013-02-09 20:00:00,2013-02-09 21:00:00,2013-02-09 20:00:00,17.3205,76.74814,Other reported at UNIT-KA-KALABURAGI-01,500004,100004,2,1,1,1,2,700002
26,105796122201300026,201300026,2013-12-16,2013-12-16 19:00:00,2013-12-16 20:00:00,2013-12-16 19:00:00,17.11936,76.68161,Riots reported at UNIT-KA-KALABURAGI-03,500006,100006,2,1,4,6,4,700002
27,105794236201300027,201300027,2013-12-06,2013-12-06 19:00:00,2013-12-06 20:00:00,2013-12-06 19:00:00,17.32658,77.07376,Burglary reported at UNIT-KA-KALABURAGI-01,500004,100004,2,1,3,5,1,700002
28,805796122201300028,201300028,2013-08-04,2013-08-04 21:00:00,2013-08-04 22:00:00,2013-08-04 21:00:00,17.37814,76.67922,Riots reported at UNIT-KA-KALABURAGI-03,500006,100006,4,1,4,6,2,700002
29,105794209201300029,201300029,2013-10-08,2013-10-08 17:00:00,2013-10-08 18:00:00,2013-10-08 17:00:00,17.25762,76.67463,Riots reported at UNIT-KA-KALABURAGI-02,500005,100005,2,1,4,6,4,700002
30,105794209201300030,201300030,2013-05-23,2013-05-23 01:00:00,2013-05-23 02:00:00,2013-05-23 01:00:00,17.16774,77.13952,Grievous Hurt reported at UNIT-KA-KALABURAGI-02,500005,100005,2,1,2,3,1,700002
31,305796122201300031,201300031,2013-08-04,2013-08-04 22:00:00,2013-08-04 23:00:00,2013-08-04 22:00:00,17.09884,76.85576,Cheating reported at UNIT-KA-KALABURAGI-03,500006,100006,3,1,6,8,2,700002
32,105794209201300032,201300032,2013-03-16,2013-03-16 17:00:00,2013-03-16 18:00:00,2013-03-16 17:00:00,17.0608,76.80859,Other reported at UNIT-KA-KALABURAGI-02,500005,100005,2,1,1,1,1,700002
33,105794209201300033,201300033,2013-09-02,2013-09-02 20:00:00,2013-09-02 21:00:00,2013-09-02 20:00:00,17.09897,76.86808,Other reported at UNIT-KA-KALABURAGI-02,500005,100005,2,1,1,1,1,700002
34,105794236201300034,201300034,2013-09-05,2013-09-05 09:00:00,2013-09-05 10:00:00,2013-09-05 09:00:00,17.38682,76.75373,Assault Women Modesty reported at UNIT-KA-KALABURAGI-01,500004,100004,2,1,5,9,5,700002
35,105794236201300035,201300035,2013-03-16,2013-03-16 18:00:00,2013-03-16 19:00:00,2013-03-16 18:00:00,17.35366,76.77455,Other reported at UNIT-KA-KALABURAGI-01,500004,100004,2,1,1,1,5,700002
36,105796122201300036,201300036,2013-10-19,2013-10-19 11:00:00,2013-10-19 12:00:00,2013-10-19 11:00:00,17.41803,76.82786,Riots reported at UNIT-KA-KALABURAGI-03,500006,100006,2,1,4,6,1,700002
37,405794236201300037,201300037,2013-01-05,2013-01-05 15:00:00,2013-01-05 16:00:00,2013-01-05 15:00:00,17.01877,76.82606,Other reported at UNIT-KA-KALABURAGI-01,500004,100004,1,1,1,1,4,700002
38,105794209201300038,201300038,2013-09-13,2013-09-13 20:00:00,2013-09-13 21:00:00,2013-09-13 20:00:00,17.44784,76.7653,Grievous Hurt reported at UNIT-KA-KALABURAGI-02,500005,100005,2,1,2,3,4,700002
39,105794209201300039,201300039,2013-04-17,2013-04-17 14:00:00,2013-04-17 15:00:00,2013-04-17 14:00:00,17.02637,76.95623,Other reported at UNIT-KA-KALABURAGI-02,500005,100005,2,1,1,1,1,700002
40,105794209201300040,201300040,2013-03-03,2013-03-03 18:00:00,2013-03-03 19:00:00,2013-03-03 18:00:00,17.09489,76.88189,Other reported at UNIT-KA-KALABURAGI-02,500005,100005,2,1,1,1,2,700002
41,405558227201300041,201300041,2013-07-28,2013-07-28 18:00:00,2013-07-28 19:00:00,2013-07-28 18:00:00,16.23953,74.61583,Other reported at UNIT-KA-BELAGAVI-03,500009,100009,1,1,1,1,4,700003
42,105558227201300042,201300042,2013-08-23,2013-08-23 03:00:00,2013-08-23 04:00:00,2013-08-23 03:00:00,16.13539,74.91481,Grievous Hurt reported at UNIT-KA-BELAGAVI-03,500009,100009,2,1,2,3,1,700003
43,105555153201300043,201300043,2013-05-02,2013-05-02 22:00:00,2013-05-02 23:00:00,2013-05-02 22:00:00,16.14714,74.65543,Burglary reported at UNIT-KA-BELAGAVI-02,500008,100008,2,1,3,5,2,700003
44,105555153201300044,201300044,2013-03-26,2013-03-26 10:00:00,2013-03-26 11:00:00,2013-03-26 10:00:00,16.13275,74.73582,Other reported at UNIT-KA-BELAGAVI-02,500008,100008,2,1,1,1,5,700003
45,405554318201300045,201300045,2013-04-19,2013-04-19 00:00:00,2013-04-19 01:00:00,2013-04-19 00:00:00,16.14391,74.84819,Theft reported at UNIT-KA-BELAGAVI-01,500007,100007,1,1,3,4,1,700003
46,105555153201300046,201300046,2013-01-02,2013-01-02 15:00:00,2013-01-02 16:00:00,2013-01-02 15:00:00,16.49836,74.75688,Other reported at UNIT-KA-BELAGAVI-02,500008,100008,2,1,1,1,2,700003
47,105555153201300047,201300047,2013-07-04,2013-07-04 16:00:00,2013-07-04 17:00:00,2013-07-04 16:00:00,16.20928,74.68363,Other reported at UNIT-KA-BELAGAVI-02,500008,100008,2,1,1,1,5,700003
48,105554318201300048,201300048,2013-02-24,2013-02-24 06:00:00,2013-02-24 07:00:00,2013-02-24 06:00:00,16.16761,74.46794,Other reported at UNIT-KA-BELAGAVI-01,500007,100007,2,1,1,1,2,700003
49,105558227201300049,201300049,2013-05-19,2013-05-19 13:00:00,2013-05-19 14:00:00,2013-05-19 13:00:00,16.21346,74.92715,Other reported at UNIT-KA-BELAGAVI-03,500009,100009,2,1,1,1,2,700003
50,105554318201300050,201300050,2013-10-22,2013-10-22 21:00:00,2013-10-22 22:00:00,2013-10-22 21:00:00,16.11632,74.8113,Other reported at UNIT-KA-BELAGAVI-01,500007,100007,2,1,1,1,2,700003
51,105555153201300051,201300051,2013-08-20,2013-08-20 18:00:00,2013-08-20 19:00:00,2013-08-20 18:00:00,16.06875,74.80515,Dacoity reported at UNIT-KA-BELAGAVI-02,500008,100008,2,2,2,10,5,700003
52,305555153201300052,201300052,2013-02-01,2013-02-01 11:00:00,2013-02-01 12:00:00,2013-02-01 11:00:00,16.01838,74.76242,Other reported at UNIT-KA-BELAGAVI-02,500008,100008,3,1,1,1,1,700003
53,105554318201300053,201300053,2013-06-06,2013-06-06 14:00:00,2013-06-06 15:00:00,2013-06-06 14:00:00,16.25854,74.54906,Other reported at UNIT-KA-BELAGAVI-01,500007,100007,2,1,1,1,4,700003
54,105558227201300054,201300054,2013-04-04,2013-04-04 20:00:00,2013-04-04 21:00:00,2013-04-04 20:00:00,16.25243,74.84403,Other reported at UNIT-KA-BELAGAVI-03,500009,100009,2,1,1,1,2,700003
55,105555153201300055,201300055,2013-06-17,2013-06-17 17:00:00,2013-06-17 18:00:00,2013-06-17 17:00:00,16.34726,74.83967,Assault Women Modesty reported at UNIT-KA-BELAGAVI-02,500008,100008,2,1,5,9,1,700003
56,105554318201300056,201300056,2013-06-23,2013-06-23 15:00:00,2013-06-23 16:00:00,2013-06-23 15:00:00,16.38718,74.87619,Cruelty Husband reported at UNIT-KA-BELAGAVI-01,500007,100007,2,1,5,7,1,700003
57,105558227201300057,201300057,2013-10-28,2013-10-28 20:00:00,2013-10-28 21:00:00,2013-10-28 20:00:00,16.22683,74.8131,Other reported at UNIT-KA-BELAGAVI-03,500009,100009,2,1,1,1,5,700003
58,105558227201300058,201300058,2013-09-03,2013-09-03 23:00:00,2013-09-03 23:00:00,2013-09-03 23:00:00,16.08613,74.6263,Other reported at UNIT-KA-BELAGAVI-03,500009,100009,2,1,1,1,2,700003
59,105558227201300059,201300059,2013-01-22,2013-01-22 21:00:00,2013-01-22 22:00:00,2013-01-22 21:00:00,16.04671,74.99291,Other reported at UNIT-KA-BELAGAVI-03,500009,100009,2,1,1,1,1,700003
60,305555153201300060,201300060,2013-04-10,2013-04-10 10:00:00,2013-04-10 11:00:00,2013-04-10 10:00:00,16.46193,74.69952,Cheating reported at UNIT-KA-BELAGAVI-02,500008,100008,3,1,6,8,4,700003
61,105807615201300061,201300061,2013-08-20,2013-08-20 20:00:00,2013-08-20 21:00:00,2013-08-20 20:00:00,16.43871,76.91636,Cruelty Husband reported at UNIT-KA-YADGIR-01,500010,100010,2,1,5,7,2,700004
62,105800287201300062,201300062,2013-05-24,2013-05-24 23:00:00,2013-05-24 23:00:00,2013-05-24 23:00:00,16.93972,76.9959,Other reported at UNIT-KA-YADGIR-02,500011,100011,2,1,1,1,2,700004
63,305800287201300063,201300063,2013-04-02,2013-04-02 01:00:00,2013-04-02 02:00:00,2013-04-02 01:00:00,16.74429,76.64493,Theft reported at UNIT-KA-YADGIR-02,500011,100011,3,1,3,4,1,700004
64,305800287201300064,201300064,2013-12-15,2013-12-15 21:00:00,2013-12-15 22:00:00,2013-12-15 21:00:00,16.78393,76.86992,Riots reported at UNIT-KA-YADGIR-02,500011,100011,3,1,4,6,3,700004
65,105800287201300065,201300065,2013-08-12,2013-08-12 08:00:00,2013-08-12 09:00:00,2013-08-12 08:00:00,16.41549,77.05123,Grievous Hurt reported at UNIT-KA-YADGIR-02,500011,100011,2,1,2,3,4,700004
66,105807615201300066,201300066,2013-11-12,2013-11-12 10:00:00,2013-11-12 11:00:00,2013-11-12 10:00:00,16.4059,77.265,Cruelty Husband reported at UNIT-KA-YADGIR-01,500010,100010,2,1,5,7,1,700004
67,105802758201300067,201300067,2013-05-23,2013-05-23 07:00:00,2013-05-23 08:00:00,2013-05-23 07:00:00,16.15313,77.14479,Grievous Hurt reported at UNIT-KA-YADGIR-03,500012,100012,2,1,2,3,1,700004
68,305802758201300068,201300068,2013-04-26,2013-04-26 10:00:00,2013-04-26 11:00:00,2013-04-26 10:00:00,16.84097,77.18382,Grievous Hurt reported at UNIT-KA-YADGIR-03,500012,100012,3,1,2,3,1,700004
69,105800287201300069,201300069,2013-02-05,2013-02-05 20:00:00,2013-02-05 21:00:00,2013-02-05 20:00:00,16.88514,76.92755,Grievous Hurt reported at UNIT-KA-YADGIR-02,500011,100011,2,1,2,3,2,700004
70,105802758201300070,201300070,2013-02-09,2013-02-09 21:00:00,2013-02-09 22:00:00,2013-02-09 21:00:00,16.7917,77.34502,Assault Women Modesty reported at UNIT-KA-YADGIR-03,500012,100012,2,1,5,9,1,700004
71,105807615201300071,201300071,2013-11-25,2013-11-25 05:00:00,2013-11-25 06:00:00,2013-11-25 05:00:00,16.45344,76.85946,Other reported at UNIT-KA-YADGIR-01,500010,100010,2,1,1,1,5,700004
72,105807615201300072,201300072,2013-12-11,2013-12-11 11:00:00,2013-12-11 12:00:00,2013-12-11 11:00:00,16.62766,76.65101,Grievous Hurt reported at UNIT-KA-YADGIR-01,500010,100010,2,1,2,3,3,700004
73,105807615201300073,201300073,2013-03-27,2013-03-27 22:00:00,2013-03-27 23:00:00,2013-03-27 22:00:00,16.56092,77.15287,Grievous Hurt reported at UNIT-KA-YADGIR-01,500010,100010,2,1,2,3,1,700004
74,105807615201300074,201300074,2013-07-05,2013-07-05 20:00:00,2013-07-05 21:00:00,2013-07-05 20:00:00,16.84993,76.79348,Grievous Hurt reported at UNIT-KA-YADGIR-01,500010,100010,2,1,2,3,5,700004
75,805802758201300075,201300075,2013-03-04,2013-03-04 17:00:00,2013-03-04 18:00:00,2013-03-04 17:00:00,16.43532,77.14327,Riots reported at UNIT-KA-YADGIR-03,500012,100012,4,1,4,6,1,700004
76,105802758201300076,201300076,2013-10-11,2013-10-11 08:00:00,2013-10-11 09:00:00,2013-10-11 08:00:00,16.9146,77.38404,Grievous Hurt reported at UNIT-KA-YADGIR-03,500012,100012,2,1,2,3,5,700004
77,105800287201300077,201300077,2013-11-26,2013-11-26 11:00:00,2013-11-26 12:00:00,2013-11-26 11:00:00,16.86623,76.93043,Assault Women Modesty reported at UNIT-KA-YADGIR-02,500011,100011,2,1,5,9,1,700004
78,105800287201300078,201300078,2013-07-23,2013-07-23 14:00:00,2013-07-23 15:00:00,2013-07-23 14:00:00,16.71311,77.14818,Burglary reported at UNIT-KA-YADGIR-02,500011,100011,2,1,3,5,2,700004
79,305802758201300079,201300079,2013-05-20,2013-05-20 20:00:00,2013-05-20 21:00:00,2013-05-20 20:00:00,16.25925,77.00705,Cruelty Husband reported at UNIT-KA-YADGIR-03,500012,100012,3,1,5,7,1,700004
80,105807615201300080,201300080,2013-09-13,2013-09-13 17:00:00,2013-09-13 18:00:00,2013-09-13 17:00:00,16.78626,76.86954,Cruelty Husband reported at UNIT-KA-YADGIR-01,500010,100010,2,1,5,7,2,700004
81,105561935201300081,201300081,2013-08-09,2013-08-09 20:00:00,2013-08-09 21:00:00,2013-08-09 20:00:00,16.19524,75.71946,Other reported at UNIT-KA-BAGALKOTE-01,500013,100013,2,1,1,1,1,700005
82,105561935201300082,201300082,2013-04-01,2013-04-01 15:00:00,2013-04-01 16:00:00,2013-04-01 15:00:00,16.15979,75.76322,Other reported at UNIT-KA-BAGALKOTE-01,500013,100013,2,1,1,1,5,700005
83,105564842201300083,201300083,2013-12-04,2013-12-04 19:00:00,2013-12-04 20:00:00,2013-12-04 19:00:00,15.92298,75.35521,Grievous Hurt reported at UNIT-KA-BAGALKOTE-03,500015,100015,2,1,2,3,2,700005
84,105564842201300084,201300084,2013-04-19,2013-04-19 21:00:00,2013-04-19 22:00:00,2013-04-19 21:00:00,16.07433,75.62433,Other reported at UNIT-KA-BAGALKOTE-03,500015,100015,2,1,1,1,4,700005
85,105569223201300085,201300085,2013-12-07,2013-12-07 20:00:00,2013-12-07 21:00:00,2013-12-07 20:00:00,16.1248,75.62322,Riots reported at UNIT-KA-BAGALKOTE-02,500014,100014,2,1,4,6,2,700005
86,105561935201300086,201300086,2013-07-17,2013-07-17 23:00:00,2013-07-17 23:00:00,2013-07-17 23:00:00,16.47702,75.96478,Other reported at UNIT-KA-BAGALKOTE-01,500013,100013,2,1,1,1,4,700005
87,305561935201300087,201300087,2013-11-14,2013-11-14 01:00:00,2013-11-14 02:00:00,2013-11-14 01:00:00,15.88601,75.3981,Other reported at UNIT-KA-BAGALKOTE-01,500013,100013,3,1,1,1,4,700005
88,305561935201300088,201300088,2013-05-08,2013-05-08 08:00:00,2013-05-08 09:00:00,2013-05-08 08:00:00,16.27195,75.40861,Cruelty Husband reported at UNIT-KA-BAGALKOTE-01,500013,100013,3,1,5,7,1,700005
89,405561935201300089,201300089,2013-07-18,2013-07-18 17:00:00,2013-07-18 18:00:00,2013-07-18 17:00:00,15.7394,75.65802,Other reported at UNIT-KA-BAGALKOTE-01,500013,100013,1,1,1,1,3,700005
90,105561935201300090,201300090,2013-02-15,2013-02-15 12:00:00,2013-02-15 13:00:00,2013-02-15 12:00:00,16.20812,75.58847,Burglary reported at UNIT-KA-BAGALKOTE-01,500013,100013,2,1,3,5,5,700005
91,405569223201300091,201300091,2013-01-07,2013-01-07 11:00:00,2013-01-07 12:00:00,2013-01-07 11:00:00,16.54555,75.48878,Grievous Hurt reported at UNIT-KA-BAGALKOTE-02,500014,100014,1,1,2,3,1,700005
92,105569223201300092,201300092,2013-08-15,2013-08-15 16:00:00,2013-08-15 17:00:00,2013-08-15 16:00:00,16.53525,75.90837,Other reported at UNIT-KA-BAGALKOTE-02,500014,100014,2,1,1,1,2,700005
93,105561935201300093,201300093,2013-07-19,2013-07-19 12:00:00,2013-07-19 13:00:00,2013-07-19 12:00:00,16.26186,75.48327,Other reported at UNIT-KA-BAGALKOTE-01,500013,100013,2,1,1,1,5,700005
94,805561935201300094,201300094,2013-02-27,2013-02-27 16:00:00,2013-02-27 17:00:00,2013-02-27 16:00:00,16.03401,75.40933,Other reported at UNIT-KA-BAGALKOTE-01,500013,100013,4,1,1,1,2,700005
95,105564842201300095,201300095,2013-05-01,2013-05-01 11:00:00,2013-05-01 12:00:00,2013-05-01 11:00:00,15.92021,75.64278,Grievous Hurt reported at UNIT-KA-BAGALKOTE-03,500015,100015,2,1,2,3,2,700005
96,105564842201300096,201300096,2013-02-21,2013-02-21 20:00:00,2013-02-21 21:00:00,2013-02-21 20:00:00,16.39922,75.63411,Other reported at UNIT-KA-BAGALKOTE-03,500015,100015,2,1,1,1,1,700005
97,805564842201300097,201300097,2013-04-07,2013-04-07 21:00:00,2013-04-07 22:00:00,2013-04-07 21:00:00,16.36761,75.50343,Other reported at UNIT-KA-BAGALKOTE-03,500015,100015,4,1,1,1,2,700005
98,405561935201300098,201300098,2013-10-08,2013-10-08 11:00:00,2013-10-08 12:00:00,2013-10-08 11:00:00,15.88332,75.51954,Other reported at UNIT-KA-BAGALKOTE-01,500013,100013,1,1,1,1,5,700005
99,105569223201300099,201300099,2013-05-26,2013-05-26 01:00:00,2013-05-26 02:00:00,2013-05-26 01:00:00,16.35337,75.63758,Other reported at UNIT-KA-BAGALKOTE-02,500014,100014,2,1,1,1,2,700005
100,105569223201300100,201300100,2013-01-10,2013-01-10 07:00:00,2013-01-10 08:00:00,2013-01-10 07:00:00,15.91305,75.7384,Theft reported at UNIT-KA-BAGALKOTE-02,500014,100014,2,1,3,4,1,700005
101,305594228201300101,201300101,2013-10-07,2013-10-07 07:00:00,2013-10-07 08:00:00,2013-10-07 07:00:00,15.94385,76.78009,Grievous Hurt reported at UNIT-KA-RAICHUR-02,500017,100017,3,1,2,3,5,700006
102,105594228201300102,201300102,2013-10-16,2013-10-16 04:00:00,2013-10-16 05:00:00,2013-10-16 04:00:00,15.94001,76.7924,Riots reported at UNIT-KA-RAICHUR-02,500017,100017,2,1,4,6,3,700006
103,805596538201300103,201300103,2013-06-26,2013-06-26 18:00:00,2013-06-26 19:00:00,2013-06-26 18:00:00,16.0909,76.9,Rape reported at UNIT-KA-RAICHUR-03,500018,100018,4,2,5,11,1,700006
104,405596538201300104,201300104,2013-05-11,2013-05-11 08:00:00,2013-05-11 09:00:00,2013-05-11 08:00:00,16.00734,76.92031,Theft reported at UNIT-KA-RAICHUR-03,500018,100018,1,1,3,4,2,700006
105,405596538201300105,201300105,2013-03-18,2013-03-18 10:00:00,2013-03-18 11:00:00,2013-03-18 10:00:00,16.2217,77.0633,Other reported at UNIT-KA-RAICHUR-03,500018,100018,1,1,1,1,3,700006
106,105596161201300106,201300106,2013-09-06,2013-09-06 20:00:00,2013-09-06 21:00:00,2013-09-06 20:00:00,16.04151,76.96931,Other reported at UNIT-KA-RAICHUR-01,500016,100016,2,1,1,1,1,700006
107,105596161201300107,201300107,2013-04-10,2013-04-10 11:00:00,2013-04-10 12:00:00,2013-04-10 11:00:00,16.22678,76.99384,Other reported at UNIT-KA-RAICHUR-01,500016,100016,2,1,1,1,1,700006
108,105594228201300108,201300108,2013-08-05,2013-08-05 22:00:00,2013-08-05 23:00:00,2013-08-05 22:00:00,16.16524,77.03836,Other reported at UNIT-KA-RAICHUR-02,500017,100017,2,1,1,1,2,700006
109,305594228201300109,201300109,2013-02-19,2013-02-19 16:00:00,2013-02-19 17:00:00,2013-02-19 16:00:00,16.32025,77.07189,Grievous Hurt reported at UNIT-KA-RAICHUR-02,500017,100017,3,1,2,3,4,700006
110,805596161201300110,201300110,2013-12-19,2013-12-19 09:00:00,2013-12-19 10:00:00,2013-12-19 09:00:00,15.99338,76.59522,Grievous Hurt reported at UNIT-KA-RAICHUR-01,500016,100016,4,1,2,3,2,700006
111,805596538201300111,201300111,2013-03-25,2013-03-25 20:00:00,2013-03-25 21:00:00,2013-03-25 20:00:00,16.19174,76.5406,Other reported at UNIT-KA-RAICHUR-03,500018,100018,4,1,1,1,3,700006
112,305594228201300112,201300112,2013-05-23,2013-05-23 16:00:00,2013-05-23 17:00:00,2013-05-23 16:00:00,16.25345,76.83034,Other reported at UNIT-KA-RAICHUR-02,500017,100017,3,1,1,1,3,700006
113,405594228201300113,201300113,2013-01-02,2013-01-02 21:00:00,2013-01-02 22:00:00,2013-01-02 21:00:00,16.33903,77.05415,Theft reported at UNIT-KA-RAICHUR-02,500017,100017,1,1,3,4,2,700006
114,105596538201300114,201300114,2013-02-01,2013-02-01 06:00:00,2013-02-01 07:00:00,2013-02-01 06:00:00,16.12669,76.9529,Other reported at UNIT-KA-RAICHUR-03,500018,100018,2,1,1,1,2,700006
115,105596161201300115,201300115,2013-11-05,2013-11-05 18:00:00,2013-11-05 19:00:00,2013-11-05 18:00:00,16.29923,76.97597,Other reported at UNIT-KA-RAICHUR-01,500016,100016,2,1,1,1,2,700006
116,105596161201300116,201300116,2013-10-24,2013-10-24 16:00:00,2013-10-24 17:00:00,2013-10-24 16:00:00,15.89515,76.7162,Cheating reported at UNIT-KA-RAICHUR-01,500016,100016,2,1,6,8,5,700006
117,805594228201300117,201300117,2013-03-13,2013-03-13 22:00:00,2013-03-13 23:00:00,2013-03-13 22:00:00,16.24503,76.73101,Assault Women Modesty reported at UNIT-KA-RAICHUR-02,500017,100017,4,1,5,9,2,700006
118,105594228201300118,201300118,2013-04-26,2013-04-26 05:00:00,2013-04-26 06:00:00,2013-04-26 05:00:00,16.19173,77.00804,Other reported at UNIT-KA-RAICHUR-02,500017,100017,2,1,1,1,2,700006
119,105594228201300119,201300119,2013-11-24,2013-11-24 18:00:00,2013-11-24 19:00:00,2013-11-24 18:00:00,16.12352,76.91295,Grievous Hurt reported at UNIT-KA-RAICHUR-02,500017,100017,2,1,2,3,1,700006
120,405596161201300120,201300120,2013-07-09,2013-07-09 12:00:00,2013-07-09 13:00:00,2013-07-09 12:00:00,15.98843,76.87148,Grievous Hurt reported at UNIT-KA-RAICHUR-01,500016,100016,1,1,2,3,3,700006
121,105606852201300121,201300121,2013-01-25,2013-01-25 22:00:00,2013-01-25 23:00:00,2013-01-25 22:00:00,15.47272,75.87769,Other reported at UNIT-KA-KOPPAL-01,500019,100019,2,1,1,1,5,700007
122,805606852201300122,201300122,2013-09-05,2013-09-05 17:00:00,2013-09-05 18:00:00,2013-09-05 17:00:00,15.53957,76.01585,Assault Women Modesty reported at UNIT-KA-KOPPAL-01,500019,100019,4,1,5,9,2,700007
123,305606852201300123,201300123,2013-03-15,2013-03-15 08:00:00,2013-03-15 09:00:00,2013-03-15 08:00:00,15.48411,76.17211,Riots reported at UNIT-KA-KOPPAL-01,500019,100019,3,1,4,6,2,700007
124,105606852201300124,201300124,2013-05-27,2013-05-27 18:00:00,2013-05-27 19:00:00,2013-05-27 18:00:00,15.68399,76.13516,Other reported at UNIT-KA-KOPPAL-01,500019,100019,2,1,1,1,2,700007
125,105607529201300125,201300125,2013-02-19,2013-02-19 22:00:00,2013-02-19 23:00:00,2013-02-19 22:00:00,15.33755,75.95345,Other reported at UNIT-KA-KOPPAL-03,500021,100021,2,1,1,1,1,700007
126,105607159201300126,201300126,2013-03-12,2013-03-12 18:00:00,2013-03-12 19:00:00,2013-03-12 18:00:00,15.6665,76.23799,Other reported at UNIT-KA-KOPPAL-02,500020,100020,2,1,1,1,1,700007
127,105607159201300127,201300127,2013-06-16,2013-06-16 19:00:00,2013-06-16 20:00:00,2013-06-16 19:00:00,15.46677,76.08665,Other reported at UNIT-KA-KOPPAL-02,500020,100020,2,1,1,1,4,700007
128,105607529201300128,201300128,2013-09-27,2013-09-27 10:00:00,2013-09-27 11:00:00,2013-09-27 10:00:00,15.71086,75.88472,Other reported at UNIT-KA-KOPPAL-03,500021,100021,2,1,1,1,5,700007
129,405606852201300129,201300129,2013-06-19,2013-06-19 18:00:00,2013-06-19 19:00:00,2013-06-19 18:00:00,15.45417,76.05739,Other reported at UNIT-KA-KOPPAL-01,500019,100019,1,1,1,1,1,700007
130,305607159201300130,201300130,2013-06-02,2013-06-02 19:00:00,2013-06-02 20:00:00,2013-06-02 19:00:00,15.85451,76.1667,Other reported at UNIT-KA-KOPPAL-02,500020,100020,3,1,1,1,4,700007
131,105607529201300131,201300131,2013-11-11,2013-11-11 22:00:00,2013-11-11 23:00:00,2013-11-11 22:00:00,15.83696,76.51187,Other reported at UNIT-KA-KOPPAL-03,500021,100021,2,1,1,1,5,700007
132,805607529201300132,201300132,2013-10-11,2013-10-11 01:00:00,2013-10-11 02:00:00,2013-10-11 01:00:00,16.01225,75.9381,Cruelty Husband reported at UNIT-KA-KOPPAL-03,500021,100021,4,1,5,7,1,700007
133,405607159201300133,201300133,2013-04-08,2013-04-08 00:00:00,2013-04-08 01:00:00,2013-04-08 00:00:00,15.5919,75.99824,Other reported at UNIT-KA-KOPPAL-02,500020,100020,1,1,1,1,4,700007
134,105606852201300134,201300134,2013-03-13,2013-03-13 04:00:00,2013-03-13 05:00:00,2013-03-13 04:00:00,15.6774,76.19105,Grievous Hurt reported at UNIT-KA-KOPPAL-01,500019,100019,2,1,2,3,3,700007
135,305607529201300135,201300135,2013-11-10,2013-11-10 16:00:00,2013-11-10 17:00:00,2013-11-10 16:00:00,15.62277,76.2062,Other reported at UNIT-KA-KOPPAL-03,500021,100021,3,1,1,1,2,700007
136,105606852201300136,201300136,2013-07-16,2013-07-16 11:00:00,2013-07-16 12:00:00,2013-07-16 11:00:00,15.40905,76.15362,Grievous Hurt reported at UNIT-KA-KOPPAL-01,500019,100019,2,1,2,3,1,700007
137,105607529201300137,201300137,2013-02-22,2013-02-22 18:00:00,2013-02-22 19:00:00,2013-02-22 18:00:00,15.5328,76.30361,Grievous Hurt reported at UNIT-KA-KOPPAL-03,500021,100021,2,1,2,3,3,700007
138,105607529201300138,201300138,2013-08-06,2013-08-06 08:00:00,2013-08-06 09:00:00,2013-08-06 08:00:00,15.73571,76.10706,Other reported at UNIT-KA-KOPPAL-03,500021,100021,2,1,1,1,1,700007
139,105606852201300139,201300139,2013-10-19,2013-10-19 19:00:00,2013-10-19 20:00:00,2013-10-19 19:00:00,15.47863,76.11393,Other reported at UNIT-KA-KOPPAL-01,500019,100019,2,1,1,1,2,700007
140,105607529201300140,201300140,2013-12-13,2013-12-13 17:00:00,2013-12-13 18:00:00,2013-12-13 17:00:00,15.96981,76.21855,Riots reported at UNIT-KA-KOPPAL-03,500021,100021,2,1,4,6,1,700007
141,105615604201300141,201300141,2013-04-28,2013-04-28 19:00:00,2013-04-28 20:00:00,2013-04-28 19:00:00,15.53513,75.76848,Attempt Murder reported at UNIT-KA-GADAG-03,500024,100024,2,2,2,12,1,700008
142,105615604201300142,201300142,2013-07-13,2013-07-13 18:00:00,2013-07-13 19:00:00,2013-07-13 18:00:00,15.62034,75.51363,Other reported at UNIT-KA-GADAG-03,500024,100024,2,1,1,1,1,700008
143,105615604201300143,201300143,2013-03-17,2013-03-17 11:00:00,2013-03-17 12:00:00,2013-03-17 11:00:00,15.54798,75.31456,Riots reported at UNIT-KA-GADAG-03,500024,100024,2,1,4,6,4,700008
144,105618075201300144,201300144,2013-11-12,2013-11-12 21:00:00,2013-11-12 22:00:00,2013-11-12 21:00:00,15.20582,75.64185,Other reported at UNIT-KA-GADAG-02,500023,100023,2,1,1,1,4,700008
145,105618075201300145,201300145,2013-10-10,2013-10-10 13:00:00,2013-10-10 14:00:00,2013-10-10 13:00:00,15.43664,75.67414,Other reported at UNIT-KA-GADAG-02,500023,100023,2,1,1,1,1,700008
146,105614460201300146,201300146,2013-10-15,2013-10-15 12:00:00,2013-10-15 13:00:00,2013-10-15 12:00:00,15.71278,75.90566,Other reported at UNIT-KA-GADAG-01,500022,100022,2,1,1,1,1,700008
147,105615604201300147,201300147,2013-07-16,2013-07-16 14:00:00,2013-07-16 15:00:00,2013-07-16 14:00:00,15.4817,75.68575,Burglary reported at UNIT-KA-GADAG-03,500024,100024,2,1,3,5,1,700008
148,105614460201300148,201300148,2013-05-15,2013-05-15 11:00:00,2013-05-15 12:00:00,2013-05-15 11:00:00,15.48475,75.44262,Cheating reported at UNIT-KA-GADAG-01,500022,100022,2,1,6,8,1,700008
149,105615604201300149,201300149,2013-09-20,2013-09-20 10:00:00,2013-09-20 11:00:00,2013-09-20 10:00:00,16.00851,75.81169,Other reported at UNIT-KA-GADAG-03,500024,100024,2,1,1,1,5,700008
150,105614460201300150,201300150,2013-05-20,2013-05-20 18:00:00,2013-05-20 19:00:00,2013-05-20 18:00:00,15.44621,75.60252,Murder reported at UNIT-KA-GADAG-01,500022,100022,2,2,2,13,4,700008
151,105618075201300151,201300151,2013-01-01,2013-01-01 12:00:00,2013-01-01 13:00:00,2013-01-01 12:00:00,15.34986,75.34885,Cruelty Husband reported at UNIT-KA-GADAG-02,500023,100023,2,1,5,7,4,700008
152,105615604201300152,201300152,2013-12-04,2013-12-04 11:00:00,2013-12-04 12:00:00,2013-12-04 11:00:00,15.73766,75.8076,Attempt Murder reported at UNIT-KA-GADAG-03,500024,100024,2,2,2,12,1,700008
153,105614460201300153,201300153,2013-12-24,2013-12-24 07:00:00,2013-12-24 08:00:00,2013-12-24 07:00:00,15.87136,75.79379,Other reported at UNIT-KA-GADAG-01,500022,100022,2,1,1,1,1,700008
154,105615604201300154,201300154,2013-12-28,2013-12-28 11:00:00,2013-12-28 12:00:00,2013-12-28 11:00:00,15.39509,75.41029,Assault Women Modesty reported at UNIT-KA-GADAG-03,500024,100024,2,1,5,9,2,700008
155,405615604201300155,201300155,2013-08-28,2013-08-28 20:00:00,2013-08-28 21:00:00,2013-08-28 20:00:00,15.64998,75.88619,Murder reported at UNIT-KA-GADAG-03,500024,100024,1,2,2,13,1,700008
156,105618075201300156,201300156,2013-08-24,2013-08-24 07:00:00,2013-08-24 08:00:00,2013-08-24 07:00:00,15.47219,75.5949,Burglary reported at UNIT-KA-GADAG-02,500023,100023,2,1,3,5,2,700008
157,105615604201300157,201300157,2013-10-16,2013-10-16 19:00:00,2013-10-16 20:00:00,2013-10-16 19:00:00,15.48305,75.50735,Riots reported at UNIT-KA-GADAG-03,500024,100024,2,1,4,6,2,700008
158,305614460201300158,201300158,2013-04-07,2013-04-07 10:00:00,2013-04-07 11:00:00,2013-04-07 10:00:00,15.74174,75.8713,Other reported at UNIT-KA-GADAG-01,500022,100022,3,1,1,1,1,700008
159,105618075201300159,201300159,2013-08-17,2013-08-17 20:00:00,2013-08-17 21:00:00,2013-08-17 20:00:00,15.58283,75.31147,Other reported at UNIT-KA-GADAG-02,500023,100023,2,1,1,1,5,700008
160,305615604201300160,201300160,2013-12-18,2013-12-18 16:00:00,2013-12-18 17:00:00,2013-12-18 16:00:00,15.67643,75.46229,Grievous Hurt reported at UNIT-KA-GADAG-03,500024,100024,3,1,2,3,3,700008
161,305651710201300161,201300161,2013-04-25,2013-04-25 19:00:00,2013-04-25 20:00:00,2013-04-25 19:00:00,15.03016,76.33905,Other reported at UNIT-KA-BALLARI-03,500027,100027,3,1,1,1,2,700009
162,105654607201300162,201300162,2013-11-20,2013-11-20 17:00:00,2013-11-20 18:00:00,2013-11-20 17:00:00,15.12145,76.32977,Other reported at UNIT-KA-BALLARI-02,500026,100026,2,1,1,1,4,700009
163,405651710201300163,201300163,2013-06-10,2013-06-10 12:00:00,2013-06-10 13:00:00,2013-06-10 12:00:00,15.09931,76.70488,Cheating reported at UNIT-KA-BALLARI-03,500027,100027,1,1,6,8,2,700009
164,105651710201300164,201300164,2013-01-10,2013-01-10 14:00:00,2013-01-10 15:00:00,2013-01-10 14:00:00,15.13061,76.38027,Other reported at UNIT-KA-BALLARI-03,500027,100027,2,1,1,1,2,700009
165,105655944201300165,201300165,2013-05-18,2013-05-18 09:00:00,2013-05-18 10:00:00,2013-05-18 09:00:00,15.31509,76.56992,Cheating reported at UNIT-KA-BALLARI-01,500025,100025,2,1,6,8,4,700009
166,405654607201300166,201300166,2013-02-10,2013-02-10 22:00:00,2013-02-10 23:00:00,2013-02-10 22:00:00,15.07776,76.3108,Kidnap Abduct reported at UNIT-KA-BALLARI-02,500026,100026,1,2,2,2,1,700009
167,805655944201300167,201300167,2013-12-21,2013-12-21 11:00:00,2013-12-21 12:00:00,2013-12-21 11:00:00,14.77346,76.72235,Cruelty Husband reported at UNIT-KA-BALLARI-01,500025,100025,4,1,5,7,2,700009
168,105651710201300168,201300168,2013-03-08,2013-03-08 08:00:00,2013-03-08 09:00:00,2013-03-08 08:00:00,14.95598,76.36083,Grievous Hurt reported at UNIT-KA-BALLARI-03,500027,100027,2,1,2,3,1,700009
169,105651710201300169,201300169,2013-02-10,2013-02-10 18:00:00,2013-02-10 19:00:00,2013-02-10 18:00:00,14.79556,76.20834,Other reported at UNIT-KA-BALLARI-03,500027,100027,2,1,1,1,1,700009
170,105651710201300170,201300170,2013-08-15,2013-08-15 19:00:00,2013-08-15 20:00:00,2013-08-15 19:00:00,14.78649,76.53567,Riots reported at UNIT-KA-BALLARI-03,500027,100027,2,1,4,6,2,700009
171,405651710201300171,201300171,2013-10-19,2013-10-19 01:00:00,2013-10-19 02:00:00,2013-10-19 01:00:00,14.86981,76.56263,Other reported at UNIT-KA-BALLARI-03,500027,100027,1,1,1,1,4,700009
172,105655944201300172,201300172,2013-10-22,2013-10-22 20:00:00,2013-10-22 21:00:00,2013-10-22 20:00:00,15.14361,76.60867,Cheating reported at UNIT-KA-BALLARI-01,500025,100025,2,1,6,8,2,700009
173,105654607201300173,201300173,2013-01-02,2013-01-02 21:00:00,2013-01-02 22:00:00,2013-01-02 21:00:00,15.18719,76.42545,Other reported at UNIT-KA-BALLARI-02,500026,100026,2,1,1,1,5,700009
174,105654607201300174,201300174,2013-06-16,2013-06-16 20:00:00,2013-06-16 21:00:00,2013-06-16 20:00:00,15.13514,76.12038,Other reported at UNIT-KA-BALLARI-02,500026,100026,2,1,1,1,1,700009
175,105654607201300175,201300175,2013-08-22,2013-08-22 19:00:00,2013-08-22 20:00:00,2013-08-22 19:00:00,14.93754,76.45729,Burglary reported at UNIT-KA-BALLARI-02,500026,100026,2,1,3,5,1,700009
176,105654607201300176,201300176,2013-10-21,2013-10-21 17:00:00,2013-10-21 18:00:00,2013-10-21 17:00:00,15.30002,76.47246,Riots reported at UNIT-KA-BALLARI-02,500026,100026,2,1,4,6,5,700009
177,305651710201300177,201300177,2013-05-06,2013-05-06 18:00:00,2013-05-06 19:00:00,2013-05-06 18:00:00,15.02296,76.29804,Other reported at UNIT-KA-BALLARI-03,500027,100027,3,1,1,1,2,700009
178,105651710201300178,201300178,2013-10-18,2013-10-18 07:00:00,2013-10-18 08:00:00,2013-10-18 07:00:00,15.20629,76.14123,Other reported at UNIT-KA-BALLARI-03,500027,100027,2,1,1,1,5,700009
179,305651710201300179,201300179,2013-07-05,2013-07-05 17:00:00,2013-07-05 18:00:00,2013-07-05 17:00:00,15.03889,76.71521,Other reported at UNIT-KA-BALLARI-03,500027,100027,3,1,1,1,4,700009
180,105654607201300180,201300180,2013-05-09,2013-05-09 18:00:00,2013-05-09 19:00:00,2013-05-09 18:00:00,15.14955,76.30996,Grievous Hurt reported at UNIT-KA-BALLARI-02,500026,100026,2,1,2,3,2,700009
181,105625260201300181,201300181,2013-06-22,2013-06-22 19:00:00,2013-06-22 20:00:00,2013-06-22 19:00:00,15.17495,75.27527,Murder reported at UNIT-KA-DHARWAD-02,500029,100029,2,2,2,13,2,700010
182,105623007201300182,201300182,2013-07-17,2013-07-17 10:00:00,2013-07-17 11:00:00,2013-07-17 10:00:00,15.39165,75.18364,Grievous Hurt reported at UNIT-KA-DHARWAD-01,500028,100028,2,1,2,3,1,700010
183,305623007201300183,201300183,2013-04-26,2013-04-26 18:00:00,2013-04-26 19:00:00,2013-04-26 18:00:00,15.18281,75.51072,Cheating reported at UNIT-KA-DHARWAD-01,500028,100028,3,1,6,8,2,700010
184,105623007201300184,201300184,2013-04-28,2013-04-28 10:00:00,2013-04-28 11:00:00,2013-04-28 10:00:00,15.33183,75.26008,Other reported at UNIT-KA-DHARWAD-01,500028,100028,2,1,1,1,4,700010
185,105625260201300185,201300185,2013-09-09,2013-09-09 15:00:00,2013-09-09 16:00:00,2013-09-09 15:00:00,15.12951,75.30466,Other reported at UNIT-KA-DHARWAD-02,500029,100029,2,1,1,1,1,700010
186,105623619201300186,201300186,2013-03-18,2013-03-18 21:00:00,2013-03-18 22:00:00,2013-03-18 21:00:00,15.33277,75.27153,Other reported at UNIT-KA-DHARWAD-03,500030,100030,2,1,1,1,3,700010
187,105623007201300187,201300187,2013-04-18,2013-04-18 19:00:00,2013-04-18 20:00:00,2013-04-18 19:00:00,15.20031,75.2099,Other reported at UNIT-KA-DHARWAD-01,500028,100028,2,1,1,1,1,700010
188,105625260201300188,201300188,2013-11-04,2013-11-04 15:00:00,2013-11-04 16:00:00,2013-11-04 15:00:00,15.20566,75.18993,Theft reported at UNIT-KA-DHARWAD-02,500029,100029,2,1,3,4,2,700010
189,305623007201300189,201300189,2013-05-15,2013-05-15 13:00:00,2013-05-15 14:00:00,2013-05-15 13:00:00,15.28242,75.07927,Grievous Hurt reported at UNIT-KA-DHARWAD-01,500028,100028,3,1,2,3,1,700010
190,105623619201300190,201300190,2013-08-25,2013-08-25 13:00:00,2013-08-25 14:00:00,2013-08-25 13:00:00,15.44193,75.02978,Riots reported at UNIT-KA-DHARWAD-03,500030,100030,2,1,4,6,2,700010
191,305623007201300191,201300191,2013-10-05,2013-10-05 06:00:00,2013-10-05 07:00:00,2013-10-05 06:00:00,15.66278,75.33243,Cheating reported at UNIT-KA-DHARWAD-01,500028,100028,3,1,6,8,2,700010
192,105623619201300192,201300192,2013-09-15,2013-09-15 22:00:00,2013-09-15 23:00:00,2013-09-15 22:00:00,15.60048,75.43766,Other reported at UNIT-KA-DHARWAD-03,500030,100030,2,1,1,1,2,700010
193,105625260201300193,201300193,2013-03-10,2013-03-10 14:00:00,2013-03-10 15:00:00,2013-03-10 14:00:00,15.53733,75.15808,Other reported at UNIT-KA-DHARWAD-02,500029,100029,2,1,1,1,5,700010
194,105623007201300194,201300194,2013-09-14,2013-09-14 14:00:00,2013-09-14 15:00:00,2013-09-14 14:00:00,15.2676,75.20384,Other reported at UNIT-KA-DHARWAD-01,500028,100028,2,1,1,1,5,700010
195,105625260201300195,201300195,2013-08-20,2013-08-20 07:00:00,2013-08-20 08:00:00,2013-08-20 07:00:00,15.10541,75.21782,Other reported at UNIT-KA-DHARWAD-02,500029,100029,2,1,1,1,2,700010
196,305625260201300196,201300196,2013-08-23,2013-08-23 23:00:00,2013-08-23 23:00:00,2013-08-23 23:00:00,15.37986,75.00674,Grievous Hurt reported at UNIT-KA-DHARWAD-02,500029,100029,3,1,2,3,4,700010
197,105623619201300197,201300197,2013-08-13,2013-08-13 23:00:00,2013-08-13 23:00:00,2013-08-13 23:00:00,15.2852,75.01941,Other reported at UNIT-KA-DHARWAD-03,500030,100030,2,1,1,1,1,700010
198,105623007201300198,201300198,2013-10-04,2013-10-04 20:00:00,2013-10-04 21:00:00,2013-10-04 20:00:00,15.24826,75.21788,Other reported at UNIT-KA-DHARWAD-01,500028,100028,2,1,1,1,3,700010
199,305623007201300199,201300199,2013-06-18,2013-06-18 15:00:00,2013-06-18 16:00:00,2013-06-18 15:00:00,15.40753,74.88401,Other reported at UNIT-KA-DHARWAD-01,500028,100028,3,1,1,1,4,700010
200,105625260201300200,201300200,2013-10-28,2013-10-28 11:00:00,2013-10-28 12:00:00,2013-10-28 11:00:00,15.28606,75.12487,Cruelty Husband reported at UNIT-KA-DHARWAD-02,500029,100029,2,1,5,7,1,700010
201,305631874201300201,201300201,2013-04-17,2013-04-17 13:00:00,2013-04-17 14:00:00,2013-04-17 13:00:00,14.64298,74.48893,Theft reported at UNIT-KA-UTTARA-KANNADA-03,500033,100033,3,1,3,4,3,700011
202,105631874201300202,201300202,2013-06-11,2013-06-11 14:00:00,2013-06-11 15:00:00,2013-06-11 14:00:00,14.24138,74.49415,Other reported at UNIT-KA-UTTARA-KANNADA-03,500033,100033,2,1,1,1,4,700011
203,105633465201300203,201300203,2013-09-05,2013-09-05 17:00:00,2013-09-05 18:00:00,2013-09-05 17:00:00,14.89331,74.65662,Murder reported at UNIT-KA-UTTARA-KANNADA-02,500032,100032,2,2,2,13,1,700011
204,105633465201300204,201300204,2013-02-19,2013-02-19 20:00:00,2013-02-19 21:00:00,2013-02-19 20:00:00,14.46864,74.87287,Other reported at UNIT-KA-UTTARA-KANNADA-02,500032,100032,2,1,1,1,5,700011
205,105639231201300205,201300205,2013-04-24,2013-04-24 21:00:00,2013-04-24 22:00:00,2013-04-24 21:00:00,14.63317,74.48425,Other reported at UNIT-KA-UTTARA-KANNADA-01,500031,100031,2,1,1,1,1,700011
206,805631874201300206,201300206,2013-02-08,2013-02-08 17:00:00,2013-02-08 18:00:00,2013-02-08 17:00:00,14.50199,74.77882,Other reported at UNIT-KA-UTTARA-KANNADA-03,500033,100033,4,1,1,1,1,700011
207,105631874201300207,201300207,2013-12-17,2013-12-17 17:00:00,2013-12-17 18:00:00,2013-12-17 17:00:00,14.75925,74.72391,Assault Women Modesty reported at UNIT-KA-UTTARA-KANNADA-03,500033,100033,2,1,5,9,5,700011
208,105633465201300208,201300208,2013-08-20,2013-08-20 17:00:00,2013-08-20 18:00:00,2013-08-20 17:00:00,14.78731,74.70069,Other reported at UNIT-KA-UTTARA-KANNADA-02,500032,100032,2,1,1,1,4,700011
209,105633465201300209,201300209,2013-10-24,2013-10-24 16:00:00,2013-10-24 17:00:00,2013-10-24 16:00:00,15.0041,74.65031,Grievous Hurt reported at UNIT-KA-UTTARA-KANNADA-02,500032,100032,2,1,2,3,5,700011
210,105639231201300210,201300210,2013-11-13,2013-11-13 00:00:00,2013-11-13 01:00:00,2013-11-13 00:00:00,14.77628,74.81777,Other reported at UNIT-KA-UTTARA-KANNADA-01,500031,100031,2,1,1,1,3,700011
211,105633465201300211,201300211,2013-06-21,2013-06-21 18:00:00,2013-06-21 19:00:00,2013-06-21 18:00:00,14.58614,75.16538,Assault Women Modesty reported at UNIT-KA-UTTARA-KANNADA-02,500032,100032,2,1,5,9,3,700011
212,105639231201300212,201300212,2013-10-05,2013-10-05 14:00:00,2013-10-05 15:00:00,2013-10-05 14:00:00,14.63383,74.72396,Other reported at UNIT-KA-UTTARA-KANNADA-01,500031,100031,2,1,1,1,2,700011
213,805639231201300213,201300213,2013-10-06,2013-10-06 18:00:00,2013-10-06 19:00:00,2013-10-06 18:00:00,14.67373,74.8484,Other reported at UNIT-KA-UTTARA-KANNADA-01,500031,100031,4,1,1,1,3,700011
214,105639231201300214,201300214,2013-03-01,2013-03-01 07:00:00,2013-03-01 08:00:00,2013-03-01 07:00:00,14.77499,74.44274,Other reported at UNIT-KA-UTTARA-KANNADA-01,500031,100031,2,1,1,1,1,700011
215,105633465201300215,201300215,2013-04-08,2013-04-08 08:00:00,2013-04-08 09:00:00,2013-04-08 08:00:00,15.02434,74.71696,Cheating reported at UNIT-KA-UTTARA-KANNADA-02,500032,100032,2,1,6,8,1,700011
216,405633465201300216,201300216,2013-01-20,2013-01-20 14:00:00,2013-01-20 15:00:00,2013-01-20 14:00:00,14.74338,74.50635,Other reported at UNIT-KA-UTTARA-KANNADA-02,500032,100032,1,1,1,1,1,700011
217,105633465201300217,201300217,2013-11-02,2013-11-02 16:00:00,2013-11-02 17:00:00,2013-11-02 16:00:00,14.82132,74.82226,Other reported at UNIT-KA-UTTARA-KANNADA-02,500032,100032,2,1,1,1,4,700011
218,105631874201300218,201300218,2013-04-15,2013-04-15 21:00:00,2013-04-15 22:00:00,2013-04-15 21:00:00,14.87727,74.73824,Cruelty Husband reported at UNIT-KA-UTTARA-KANNADA-03,500033,100033,2,1,5,7,5,700011
219,105631874201300219,201300219,2013-03-11,2013-03-11 13:00:00,2013-03-11 14:00:00,2013-03-11 13:00:00,14.54253,74.56829,Other reported at UNIT-KA-UTTARA-KANNADA-03,500033,100033,2,1,1,1,1,700011
220,105633465201300220,201300220,2013-08-28,2013-08-28 00:00:00,2013-08-28 01:00:00,2013-08-28 00:00:00,14.46737,74.66471,Other reported at UNIT-KA-UTTARA-KANNADA-02,500032,100032,2,1,1,1,2,700011
221,105649230201300221,201300221,2013-10-20,2013-10-20 10:00:00,2013-10-20 11:00:00,2013-10-20 10:00:00,14.72429,75.49044,Cheating reported at UNIT-KA-HAVERI-02,500035,100035,2,1,6,8,2,700012
222,105648594201300222,201300222,2013-05-26,2013-05-26 18:00:00,2013-05-26 19:00:00,2013-05-26 18:00:00,14.89862,75.47933,Other reported at UNIT-KA-HAVERI-01,500034,100034,2,1,1,1,2,700012
223,105648594201300223,201300223,2013-09-11,2013-09-11 17:00:00,2013-09-11 18:00:00,2013-09-11 17:00:00,14.49009,75.49201,Kidnap Abduct reported at UNIT-KA-HAVERI-01,500034,100034,2,2,2,2,3,700012
224,105648594201300224,201300224,2013-07-06,2013-07-06 17:00:00,2013-07-06 18:00:00,2013-07-06 17:00:00,14.51109,75.24327,Other reported at UNIT-KA-HAVERI-01,500034,100034,2,1,1,1,5,700012
225,405649230201300225,201300225,2013-08-17,2013-08-17 16:00:00,2013-08-17 17:00:00,2013-08-17 16:00:00,14.8582,75.54361,Other reported at UNIT-KA-HAVERI-02,500035,100035,1,1,1,1,2,700012
226,105649769201300226,201300226,2013-06-15,2013-06-15 21:00:00,2013-06-15 22:00:00,2013-06-15 21:00:00,14.83277,75.37556,Other reported at UNIT-KA-HAVERI-03,500036,100036,2,1,1,1,5,700012
227,105649230201300227,201300227,2013-05-04,2013-05-04 08:00:00,2013-05-04 09:00:00,2013-05-04 08:00:00,14.99794,75.44482,Other reported at UNIT-KA-HAVERI-02,500035,100035,2,1,1,1,2,700012
228,105648594201300228,201300228,2013-11-02,2013-11-02 15:00:00,2013-11-02 16:00:00,2013-11-02 15:00:00,14.81735,75.45629,Other reported at UNIT-KA-HAVERI-01,500034,100034,2,1,1,1,2,700012
229,105649230201300229,201300229,2013-02-27,2013-02-27 17:00:00,2013-02-27 18:00:00,2013-02-27 17:00:00,14.85555,75.18891,Other reported at UNIT-KA-HAVERI-02,500035,100035,2,1,1,1,1,700012
230,105649230201300230,201300230,2013-01-03,2013-01-03 15:00:00,2013-01-03 16:00:00,2013-01-03 15:00:00,14.62839,75.44641,Other reported at UNIT-KA-HAVERI-02,500035,100035,2,1,1,1,2,700012
231,105649769201300231,201300231,2013-03-16,2013-03-16 10:00:00,2013-03-16 11:00:00,2013-03-16 10:00:00,14.66667,75.52082,Grievous Hurt reported at UNIT-KA-HAVERI-03,500036,100036,2,1,2,3,4,700012
232,105649230201300232,201300232,2013-02-20,2013-02-20 22:00:00,2013-02-20 23:00:00,2013-02-20 22:00:00,15.00311,75.60872,Theft reported at UNIT-KA-HAVERI-02,500035,100035,2,1,3,4,5,700012
233,105649769201300233,201300233,2013-11-10,2013-11-10 20:00:00,2013-11-10 21:00:00,2013-11-10 20:00:00,15.10317,75.23926,Other reported at UNIT-KA-HAVERI-03,500036,100036,2,1,1,1,5,700012
234,105649769201300234,201300234,2013-11-11,2013-11-11 17:00:00,2013-11-11 18:00:00,2013-11-11 17:00:00,14.73665,75.2648,Other reported at UNIT-KA-HAVERI-03,500036,100036,2,1,1,1,2,700012
235,305649230201300235,201300235,2013-03-03,2013-03-03 18:00:00,2013-03-03 19:00:00,2013-03-03 18:00:00,14.96406,75.64342,Attempt Murder reported at UNIT-KA-HAVERI-02,500035,100035,3,2,2,12,4,700012
236,105649230201300236,201300236,2013-10-12,2013-10-12 22:00:00,2013-10-12 23:00:00,2013-10-12 22:00:00,14.81898,75.43271,Riots reported at UNIT-KA-HAVERI-02,500035,100035,2,1,4,6,2,700012
237,105649769201300237,201300237,2013-01-11,2013-01-11 11:00:00,2013-01-11 12:00:00,2013-01-11 11:00:00,14.75251,75.41829,Other reported at UNIT-KA-HAVERI-03,500036,100036,2,1,1,1,2,700012
238,105649769201300238,201300238,2013-03-19,2013-03-19 15:00:00,2013-03-19 16:00:00,2013-03-19 15:00:00,15.23761,75.5788,Other reported at UNIT-KA-HAVERI-03,500036,100036,2,1,1,1,4,700012
239,105648594201300239,201300239,2013-12-05,2013-12-05 21:00:00,2013-12-05 22:00:00,2013-12-05 21:00:00,14.69243,75.29406,Attempt Murder reported at UNIT-KA-HAVERI-01,500034,100034,2,2,2,12,1,700012
240,105649230201300240,201300240,2013-02-02,2013-02-02 19:00:00,2013-02-02 20:00:00,2013-02-02 19:00:00,14.85537,75.56367,Other reported at UNIT-KA-HAVERI-02,500035,100035,2,1,1,1,1,700012
241,105666262201300241,201300241,2013-02-21,2013-02-21 15:00:00,2013-02-21 16:00:00,2013-02-21 15:00:00,13.8061,76.72222,Theft reported at UNIT-KA-CHITRADURGA-02,500038,100038,2,1,3,4,5,700013
242,105661576201300242,201300242,2013-03-21,2013-03-21 17:00:00,2013-03-21 18:00:00,2013-03-21 17:00:00,14.21813,76.57576,Cheating reported at UNIT-KA-CHITRADURGA-01,500037,100037,2,1,6,8,5,700013
243,405661576201300243,201300243,2013-01-02,2013-01-02 18:00:00,2013-01-02 19:00:00,2013-01-02 18:00:00,14.24282,76.46306,Cruelty Husband reported at UNIT-KA-CHITRADURGA-01,500037,100037,1,1,5,7,5,700013
244,105667249201300244,201300244,2013-06-11,2013-06-11 22:00:00,2013-06-11 23:00:00,2013-06-11 22:00:00,14.23997,76.42405,Other reported at UNIT-KA-CHITRADURGA-03,500039,100039,2,1,1,1,2,700013
245,105666262201300245,201300245,2013-11-15,2013-11-15 05:00:00,2013-11-15 06:00:00,2013-11-15 05:00:00,14.29911,76.48383,Theft reported at UNIT-KA-CHITRADURGA-02,500038,100038,2,1,3,4,1,700013
246,105667249201300246,201300246,2013-08-22,2013-08-22 18:00:00,2013-08-22 19:00:00,2013-08-22 18:00:00,14.44322,76.42683,Assault Women Modesty reported at UNIT-KA-CHITRADURGA-03,500039,100039,2,1,5,9,5,700013
247,405661576201300247,201300247,2013-03-27,2013-03-27 15:00:00,2013-03-27 16:00:00,2013-03-27 15:00:00,14.05895,76.41147,Other reported at UNIT-KA-CHITRADURGA-01,500037,100037,1,1,1,1,1,700013
248,305667249201300248,201300248,2013-02-04,2013-02-04 09:00:00,2013-02-04 10:00:00,2013-02-04 09:00:00,14.26692,76.83763,Other reported at UNIT-KA-CHITRADURGA-03,500039,100039,3,1,1,1,1,700013
249,105661576201300249,201300249,2013-10-10,2013-10-10 18:00:00,2013-10-10 19:00:00,2013-10-10 18:00:00,14.05611,76.71722,Murder reported at UNIT-KA-CHITRADURGA-01,500037,100037,2,2,2,13,5,700013
250,105667249201300250,201300250,2013-10-12,2013-10-12 23:00:00,2013-10-12 23:00:00,2013-10-12 23:00:00,14.61337,76.21388,Grievous Hurt reported at UNIT-KA-CHITRADURGA-03,500039,100039,2,1,2,3,2,700013
251,105666262201300251,201300251,2013-12-02,2013-12-02 01:00:00,2013-12-02 02:00:00,2013-12-02 01:00:00,14.39584,76.52605,Grievous Hurt reported at UNIT-KA-CHITRADURGA-02,500038,100038,2,1,2,3,4,700013
252,105661576201300252,201300252,2013-10-16,2013-10-16 04:00:00,2013-10-16 05:00:00,2013-10-16 04:00:00,14.46852,76.62863,Other reported at UNIT-KA-CHITRADURGA-01,500037,100037,2,1,1,1,1,700013
253,405667249201300253,201300253,2013-11-20,2013-11-20 08:00:00,2013-11-20 09:00:00,2013-11-20 08:00:00,14.48149,76.45379,Grievous Hurt reported at UNIT-KA-CHITRADURGA-03,500039,100039,1,1,2,3,2,700013
254,105667249201300254,201300254,2013-10-01,2013-10-01 22:00:00,2013-10-01 23:00:00,2013-10-01 22:00:00,14.26536,76.59508,Grievous Hurt reported at UNIT-KA-CHITRADURGA-03,500039,100039,2,1,2,3,3,700013
255,105661576201300255,201300255,2013-11-10,2013-11-10 00:00:00,2013-11-10 01:00:00,2013-11-10 00:00:00,14.40057,76.72218,Grievous Hurt reported at UNIT-KA-CHITRADURGA-01,500037,100037,2,1,2,3,2,700013
256,105666262201300256,201300256,2013-12-20,2013-12-20 19:00:00,2013-12-20 20:00:00,2013-12-20 19:00:00,14.03264,76.49632,Grievous Hurt reported at UNIT-KA-CHITRADURGA-02,500038,100038,2,1,2,3,4,700013
257,105667249201300257,201300257,2013-09-23,2013-09-23 18:00:00,2013-09-23 19:00:00,2013-09-23 18:00:00,14.32009,76.48493,Grievous Hurt reported at UNIT-KA-CHITRADURGA-03,500039,100039,2,1,2,3,1,700013
258,105666262201300258,201300258,2013-09-27,2013-09-27 15:00:00,2013-09-27 16:00:00,2013-09-27 15:00:00,14.48772,76.7467,Burglary reported at UNIT-KA-CHITRADURGA-02,500038,100038,2,1,3,5,5,700013
259,805661576201300259,201300259,2013-05-04,2013-05-04 07:00:00,2013-05-04 08:00:00,2013-05-04 07:00:00,14.24604,76.39418,Cheating reported at UNIT-KA-CHITRADURGA-01,500037,100037,4,1,6,8,4,700013
260,105661576201300260,201300260,2013-09-21,2013-09-21 20:00:00,2013-09-21 21:00:00,2013-09-21 20:00:00,14.19911,76.7518,Grievous Hurt reported at UNIT-KA-CHITRADURGA-01,500037,100037,2,1,2,3,5,700013
261,405672228201300261,201300261,2013-12-16,2013-12-16 18:00:00,2013-12-16 19:00:00,2013-12-16 18:00:00,14.50754,75.91445,Other reported at UNIT-KA-DAVANAGERE-02,500041,100041,1,1,1,1,2,700014
262,105671314201300262,201300262,2013-08-11,2013-08-11 13:00:00,2013-08-11 14:00:00,2013-08-11 13:00:00,14.28387,75.85026,Other reported at UNIT-KA-DAVANAGERE-03,500042,100042,2,1,1,1,1,700014
263,105673497201300263,201300263,2013-08-24,2013-08-24 19:00:00,2013-08-24 20:00:00,2013-08-24 19:00:00,14.72495,75.95249,Grievous Hurt reported at UNIT-KA-DAVANAGERE-01,500040,100040,2,1,2,3,1,700014
264,105671314201300264,201300264,2013-02-01,2013-02-01 19:00:00,2013-02-01 20:00:00,2013-02-01 19:00:00,14.13766,76.15702,Assault Women Modesty reported at UNIT-KA-DAVANAGERE-03,500042,100042,2,1,5,9,2,700014
265,105672228201300265,201300265,2013-11-27,2013-11-27 11:00:00,2013-11-27 12:00:00,2013-11-27 11:00:00,14.38267,75.90357,Kidnap Abduct reported at UNIT-KA-DAVANAGERE-02,500041,100041,2,2,2,2,5,700014
266,105671314201300266,201300266,2013-06-17,2013-06-17 20:00:00,2013-06-17 21:00:00,2013-06-17 20:00:00,14.43333,75.93598,Other reported at UNIT-KA-DAVANAGERE-03,500042,100042,2,1,1,1,1,700014
267,105672228201300267,201300267,2013-02-17,2013-02-17 16:00:00,2013-02-17 17:00:00,2013-02-17 16:00:00,14.51435,76.17705,Other reported at UNIT-KA-DAVANAGERE-02,500041,100041,2,1,1,1,5,700014
268,105673497201300268,201300268,2013-06-25,2013-06-25 16:00:00,2013-06-25 17:00:00,2013-06-25 16:00:00,14.29127,75.97974,Grievous Hurt reported at UNIT-KA-DAVANAGERE-01,500040,100040,2,1,2,3,4,700014
269,105673497201300269,201300269,2013-10-17,2013-10-17 20:00:00,2013-10-17 21:00:00,2013-10-17 20:00:00,14.44904,75.82004,Grievous Hurt reported at UNIT-KA-DAVANAGERE-01,500040,100040,2,1,2,3,5,700014
270,305673497201300270,201300270,2013-08-25,2013-08-25 04:00:00,2013-08-25 05:00:00,2013-08-25 04:00:00,14.34048,76.0102,Grievous Hurt reported at UNIT-KA-DAVANAGERE-01,500040,100040,3,1,2,3,1,700014
271,105671314201300271,201300271,2013-03-22,2013-03-22 21:00:00,2013-03-22 22:00:00,2013-03-22 21:00:00,14.39498,76.02198,Theft reported at UNIT-KA-DAVANAGERE-03,500042,100042,2,1,3,4,4,700014
272,105671314201300272,201300272,2013-12-04,2013-12-04 00:00:00,2013-12-04 01:00:00,2013-12-04 00:00:00,14.75655,75.80091,Other reported at UNIT-KA-DAVANAGERE-03,500042,100042,2,1,1,1,4,700014
273,105671314201300273,201300273,2013-06-16,2013-06-16 01:00:00,2013-06-16 02:00:00,2013-06-16 01:00:00,14.53418,76.05277,Grievous Hurt reported at UNIT-KA-DAVANAGERE-03,500042,100042,2,1,2,3,2,700014
274,105671314201300274,201300274,2013-02-24,2013-02-24 17:00:00,2013-02-24 18:00:00,2013-02-24 17:00:00,14.83045,75.76611,Theft reported at UNIT-KA-DAVANAGERE-03,500042,100042,2,1,3,4,1,700014
275,105672228201300275,201300275,2013-09-09,2013-09-09 23:00:00,2013-09-09 23:00:00,2013-09-09 23:00:00,14.54245,76.10672,Grievous Hurt reported at UNIT-KA-DAVANAGERE-02,500041,100041,2,1,2,3,1,700014
276,105673497201300276,201300276,2013-11-25,2013-11-25 19:00:00,2013-11-25 20:00:00,2013-11-25 19:00:00,14.25174,75.94262,Theft reported at UNIT-KA-DAVANAGERE-01,500040,100040,2,1,3,4,2,700014
277,105672228201300277,201300277,2013-01-02,2013-01-02 14:00:00,2013-01-02 15:00:00,2013-01-02 14:00:00,14.5407,76.17639,Theft reported at UNIT-KA-DAVANAGERE-02,500041,100041,2,1,3,4,5,700014
278,105672228201300278,201300278,2013-10-13,2013-10-13 11:00:00,2013-10-13 12:00:00,2013-10-13 11:00:00,14.32581,75.86586,Other reported at UNIT-KA-DAVANAGERE-02,500041,100041,2,1,1,1,3,700014
279,105673497201300279,201300279,2013-05-19,2013-05-19 10:00:00,2013-05-19 11:00:00,2013-05-19 10:00:00,14.64679,76.09014,Grievous Hurt reported at UNIT-KA-DAVANAGERE-01,500040,100040,2,1,2,3,4,700014
280,105672228201300280,201300280,2013-11-11,2013-11-11 15:00:00,2013-11-11 16:00:00,2013-11-11 15:00:00,14.50408,76.08281,Theft reported at UNIT-KA-DAVANAGERE-02,500041,100041,2,1,3,4,3,700014
281,105682900201300281,201300281,2013-04-26,2013-04-26 09:00:00,2013-04-26 10:00:00,2013-04-26 09:00:00,14.13255,75.04008,Arson reported at UNIT-KA-SHIVAMOGGA-01,500043,100043,2,1,3,14,2,700015
282,105685666201300282,201300282,2013-02-14,2013-02-14 11:00:00,2013-02-14 12:00:00,2013-02-14 11:00:00,14.23949,75.05393,Other reported at UNIT-KA-SHIVAMOGGA-03,500045,100045,2,1,1,1,4,700015
283,105685666201300283,201300283,2013-12-24,2013-12-24 19:00:00,2013-12-24 20:00:00,2013-12-24 19:00:00,14.06399,75.36529,Other reported at UNIT-KA-SHIVAMOGGA-03,500045,100045,2,1,1,1,1,700015
284,305682900201300284,201300284,2013-12-12,2013-12-12 13:00:00,2013-12-12 14:00:00,2013-12-12 13:00:00,14.06351,75.16842,Grievous Hurt reported at UNIT-KA-SHIVAMOGGA-01,500043,100043,3,1,2,3,3,700015
285,405685666201300285,201300285,2013-04-28,2013-04-28 07:00:00,2013-04-28 08:00:00,2013-04-28 07:00:00,14.03038,75.2053,Other reported at UNIT-KA-SHIVAMOGGA-03,500045,100045,1,1,1,1,3,700015
286,405682900201300286,201300286,2013-12-09,2013-12-09 20:00:00,2013-12-09 21:00:00,2013-12-09 20:00:00,13.9003,75.19225,Other reported at UNIT-KA-SHIVAMOGGA-01,500043,100043,1,1,1,1,2,700015
287,105685666201300287,201300287,2013-10-22,2013-10-22 19:00:00,2013-10-22 20:00:00,2013-10-22 19:00:00,13.72889,75.40056,Riots reported at UNIT-KA-SHIVAMOGGA-03,500045,100045,2,1,4,6,2,700015
288,405685666201300288,201300288,2013-01-18,2013-01-18 10:00:00,2013-01-18 11:00:00,2013-01-18 10:00:00,13.9139,75.01891,Grievous Hurt reported at UNIT-KA-SHIVAMOGGA-03,500045,100045,1,1,2,3,4,700015
289,305684674201300289,201300289,2013-08-04,2013-08-04 20:00:00,2013-08-04 21:00:00,2013-08-04 20:00:00,14.0664,75.30462,Cruelty Husband reported at UNIT-KA-SHIVAMOGGA-02,500044,100044,3,1,5,7,3,700015
290,105685666201300290,201300290,2013-02-01,2013-02-01 18:00:00,2013-02-01 19:00:00,2013-02-01 18:00:00,13.73128,75.26114,Other reported at UNIT-KA-SHIVAMOGGA-03,500045,100045,2,1,1,1,3,700015
291,305685666201300291,201300291,2013-01-01,2013-01-01 19:00:00,2013-01-01 20:00:00,2013-01-01 19:00:00,14.04408,75.42059,Other reported at UNIT-KA-SHIVAMOGGA-03,500045,100045,3,1,1,1,1,700015
292,105684674201300292,201300292,2013-07-05,2013-07-05 18:00:00,2013-07-05 19:00:00,2013-07-05 18:00:00,14.04013,75.3366,Other reported at UNIT-KA-SHIVAMOGGA-02,500044,100044,2,1,1,1,3,700015
293,405685666201300293,201300293,2013-01-07,2013-01-07 20:00:00,2013-01-07 21:00:00,2013-01-07 20:00:00,14.11797,75.29114,Cruelty Husband reported at UNIT-KA-SHIVAMOGGA-03,500045,100045,1,1,5,7,1,700015
294,105685666201300294,201300294,2013-02-12,2013-02-12 21:00:00,2013-02-12 22:00:00,2013-02-12 21:00:00,14.3172,75.37684,Assault Women Modesty reported at UNIT-KA-SHIVAMOGGA-03,500045,100045,2,1,5,9,1,700015
295,105685666201300295,201300295,2013-06-19,2013-06-19 07:00:00,2013-06-19 08:00:00,2013-06-19 07:00:00,14.11757,75.16555,Grievous Hurt reported at UNIT-KA-SHIVAMOGGA-03,500045,100045,2,1,2,3,1,700015
296,105682900201300296,201300296,2013-11-10,2013-11-10 21:00:00,2013-11-10 22:00:00,2013-11-10 21:00:00,14.02519,75.24665,Other reported at UNIT-KA-SHIVAMOGGA-01,500043,100043,2,1,1,1,1,700015
297,305685666201300297,201300297,2013-05-16,2013-05-16 08:00:00,2013-05-16 09:00:00,2013-05-16 08:00:00,14.13159,74.95043,Grievous Hurt reported at UNIT-KA-SHIVAMOGGA-03,500045,100045,3,1,2,3,3,700015
298,105684674201300298,201300298,2013-02-02,2013-02-02 17:00:00,2013-02-02 18:00:00,2013-02-02 17:00:00,13.62007,75.16212,Other reported at UNIT-KA-SHIVAMOGGA-02,500044,100044,2,1,1,1,5,700015
299,105682900201300299,201300299,2013-05-27,2013-05-27 18:00:00,2013-05-27 19:00:00,2013-05-27 18:00:00,14.05062,75.36722,Other reported at UNIT-KA-SHIVAMOGGA-01,500043,100043,2,1,1,1,2,700015
300,105684674201300300,201300300,2013-05-11,2013-05-11 21:00:00,2013-05-11 22:00:00,2013-05-11 21:00:00,13.89871,75.10635,Other reported at UNIT-KA-SHIVAMOGGA-02,500044,100044,2,1,1,1,5,700015
301,305699778201300301,201300301,2013-12-19,2013-12-19 20:00:00,2013-12-19 21:00:00,2013-12-19 20:00:00,13.3283,74.80349,Other reported at UNIT-KA-UDUPI-02,500047,100047,3,1,1,1,1,700016
302,105699778201300302,201300302,2013-07-16,2013-07-16 21:00:00,2013-07-16 22:00:00,2013-07-16 21:00:00,13.66169,75.06848,Other reported at UNIT-KA-UDUPI-02,500047,100047,2,1,1,1,5,700016
303,105699262201300303,201300303,2013-12-23,2013-12-23 21:00:00,2013-12-23 22:00:00,2013-12-23 21:00:00,13.36764,75.02433,Other reported at UNIT-KA-UDUPI-01,500046,100046,2,1,1,1,3,700016
304,105699262201300304,201300304,2013-01-01,2013-01-01 09:00:00,2013-01-01 10:00:00,2013-01-01 09:00:00,13.41737,75.01515,Other reported at UNIT-KA-UDUPI-01,500046,100046,2,1,1,1,5,700016
305,105699262201300305,201300305,2013-09-09,2013-09-09 19:00:00,2013-09-09 20:00:00,2013-09-09 19:00:00,13.74526,74.72859,Grievous Hurt reported at UNIT-KA-UDUPI-01,500046,100046,2,1,2,3,4,700016
306,305691432201300306,201300306,2013-09-16,2013-09-16 14:00:00,2013-09-16 15:00:00,2013-09-16 14:00:00,13.48792,74.84598,Grievous Hurt reported at UNIT-KA-UDUPI-03,500048,100048,3,1,2,3,5,700016
307,105699778201300307,201300307,2013-11-08,2013-11-08 13:00:00,2013-11-08 14:00:00,2013-11-08 13:00:00,13.65112,75.13692,Burglary reported at UNIT-KA-UDUPI-02,500047,100047,2,1,3,5,2,700016
308,105699262201300308,201300308,2013-11-05,2013-11-05 18:00:00,2013-11-05 19:00:00,2013-11-05 18:00:00,13.54111,74.88696,Other reported at UNIT-KA-UDUPI-01,500046,100046,2,1,1,1,2,700016
309,405691432201300309,201300309,2013-11-15,2013-11-15 19:00:00,2013-11-15 20:00:00,2013-11-15 19:00:00,13.3875,74.60219,Other reported at UNIT-KA-UDUPI-03,500048,100048,1,1,1,1,4,700016
310,105699262201300310,201300310,2013-09-19,2013-09-19 21:00:00,2013-09-19 22:00:00,2013-09-19 21:00:00,13.47943,75.22058,Other reported at UNIT-KA-UDUPI-01,500046,100046,2,1,1,1,1,700016
311,105691432201300311,201300311,2013-10-23,2013-10-23 23:00:00,2013-10-23 23:00:00,2013-10-23 23:00:00,13.67309,74.78011,Grievous Hurt reported at UNIT-KA-UDUPI-03,500048,100048,2,1,2,3,2,700016
312,105699262201300312,201300312,2013-07-03,2013-07-03 19:00:00,2013-07-03 20:00:00,2013-07-03 19:00:00,13.63674,75.01089,Other reported at UNIT-KA-UDUPI-01,500046,100046,2,1,1,1,1,700016
313,105691432201300313,201300313,2013-12-15,2013-12-15 07:00:00,2013-12-15 08:00:00,2013-12-15 07:00:00,13.66766,75.10018,Cruelty Husband reported at UNIT-KA-UDUPI-03,500048,100048,2,1,5,7,4,700016
314,105699778201300314,201300314,2013-08-01,2013-08-01 11:00:00,2013-08-01 12:00:00,2013-08-01 11:00:00,13.51861,74.83306,Theft reported at UNIT-KA-UDUPI-02,500047,100047,2,1,3,4,2,700016
315,405699778201300315,201300315,2013-12-27,2013-12-27 15:00:00,2013-12-27 16:00:00,2013-12-27 15:00:00,13.28247,74.75161,Other reported at UNIT-KA-UDUPI-02,500047,100047,1,1,1,1,2,700016
316,105699262201300316,201300316,2013-12-10,2013-12-10 17:00:00,2013-12-10 18:00:00,2013-12-10 17:00:00,13.41965,74.88793,Burglary reported at UNIT-KA-UDUPI-01,500046,100046,2,1,3,5,2,700016
317,305691432201300317,201300317,2013-09-20,2013-09-20 14:00:00,2013-09-20 15:00:00,2013-09-20 14:00:00,13.40457,75.11149,Arson reported at UNIT-KA-UDUPI-03,500048,100048,3,1,3,14,2,700016
318,105699778201300318,201300318,2013-01-20,2013-01-20 18:00:00,2013-01-20 19:00:00,2013-01-20 18:00:00,13.59418,74.89422,Other reported at UNIT-KA-UDUPI-02,500047,100047,2,1,1,1,5,700016
319,105699778201300319,201300319,2013-01-14,2013-01-14 03:00:00,2013-01-14 04:00:00,2013-01-14 03:00:00,13.25927,74.65518,Burglary reported at UNIT-KA-UDUPI-02,500047,100047,2,1,3,5,1,700016
320,105699262201300320,201300320,2013-03-26,2013-03-26 13:00:00,2013-03-26 14:00:00,2013-03-26 13:00:00,13.50794,75.31366,Other reported at UNIT-KA-UDUPI-01,500046,100046,2,1,1,1,3,700016
321,405709609201300321,201300321,2013-12-01,2013-12-01 13:00:00,2013-12-01 14:00:00,2013-12-01 13:00:00,13.57042,75.78806,Other reported at UNIT-KA-CHIKKAMAGALURU-02,500050,100050,1,1,1,1,1,700017
322,805709609201300322,201300322,2013-08-23,2013-08-23 01:00:00,2013-08-23 02:00:00,2013-08-23 01:00:00,13.43214,75.57376,Cheating reported at UNIT-KA-CHIKKAMAGALURU-02,500050,100050,4,1,6,8,1,700017
323,105708824201300323,201300323,2013-05-19,2013-05-19 03:00:00,2013-05-19 04:00:00,2013-05-19 03:00:00,13.66453,75.41912,Riots reported at UNIT-KA-CHIKKAMAGALURU-03,500051,100051,2,1,4,6,5,700017
324,105708824201300324,201300324,2013-08-12,2013-08-12 16:00:00,2013-08-12 17:00:00,2013-08-12 16:00:00,13.41399,75.67421,Other reported at UNIT-KA-CHIKKAMAGALURU-03,500051,100051,2,1,1,1,5,700017
325,805709609201300325,201300325,2013-04-07,2013-04-07 22:00:00,2013-04-07 23:00:00,2013-04-07 22:00:00,13.53207,75.79797,Other reported at UNIT-KA-CHIKKAMAGALURU-02,500050,100050,4,1,1,1,2,700017
326,405708824201300326,201300326,2013-02-25,2013-02-25 20:00:00,2013-02-25 21:00:00,2013-02-25 20:00:00,13.32231,75.57836,Other reported at UNIT-KA-CHIKKAMAGALURU-03,500051,100051,1,1,1,1,1,700017
327,105709609201300327,201300327,2013-10-25,2013-10-25 13:00:00,2013-10-25 14:00:00,2013-10-25 13:00:00,13.19008,75.84892,Robbery reported at UNIT-KA-CHIKKAMAGALURU-02,500050,100050,2,1,2,15,4,700017
328,305708824201300328,201300328,2013-04-19,2013-04-19 19:00:00,2013-04-19 20:00:00,2013-04-19 19:00:00,13.5955,75.81512,Murder reported at UNIT-KA-CHIKKAMAGALURU-03,500051,100051,3,2,2,13,2,700017
329,105709609201300329,201300329,2013-09-19,2013-09-19 23:00:00,2013-09-19 23:00:00,2013-09-19 23:00:00,13.4124,75.60457,Grievous Hurt reported at UNIT-KA-CHIKKAMAGALURU-02,500050,100050,2,1,2,3,1,700017
330,105709609201300330,201300330,2013-02-15,2013-02-15 12:00:00,2013-02-15 13:00:00,2013-02-15 12:00:00,13.71172,75.43251,Other reported at UNIT-KA-CHIKKAMAGALURU-02,500050,100050,2,1,1,1,2,700017
331,105703209201300331,201300331,2013-06-02,2013-06-02 17:00:00,2013-06-02 18:00:00,2013-06-02 17:00:00,13.56675,75.66289,Theft reported at UNIT-KA-CHIKKAMAGALURU-01,500049,100049,2,1,3,4,1,700017
332,105703209201300332,201300332,2013-04-10,2013-04-10 12:00:00,2013-04-10 13:00:00,2013-04-10 12:00:00,13.31348,75.72114,Other reported at UNIT-KA-CHIKKAMAGALURU-01,500049,100049,2,1,1,1,2,700017
333,405708824201300333,201300333,2013-09-10,2013-09-10 17:00:00,2013-09-10 18:00:00,2013-09-10 17:00:00,13.49651,75.54118,Other reported at UNIT-KA-CHIKKAMAGALURU-03,500051,100051,1,1,1,1,1,700017
334,105708824201300334,201300334,2013-06-23,2013-06-23 15:00:00,2013-06-23 16:00:00,2013-06-23 15:00:00,13.28841,75.85483,Other reported at UNIT-KA-CHIKKAMAGALURU-03,500051,100051,2,1,1,1,5,700017
335,105703209201300335,201300335,2013-06-09,2013-06-09 22:00:00,2013-06-09 23:00:00,2013-06-09 22:00:00,13.37977,75.65253,Grievous Hurt reported at UNIT-KA-CHIKKAMAGALURU-01,500049,100049,2,1,2,3,1,700017
336,105709609201300336,201300336,2013-06-03,2013-06-03 18:00:00,2013-06-03 19:00:00,2013-06-03 18:00:00,13.40927,75.8609,Attempt Murder reported at UNIT-KA-CHIKKAMAGALURU-02,500050,100050,2,2,2,12,2,700017
337,105709609201300337,201300337,2013-10-05,2013-10-05 09:00:00,2013-10-05 10:00:00,2013-10-05 09:00:00,13.72873,75.67669,Other reported at UNIT-KA-CHIKKAMAGALURU-02,500050,100050,2,1,1,1,5,700017
338,105709609201300338,201300338,2013-08-11,2013-08-11 19:00:00,2013-08-11 20:00:00,2013-08-11 19:00:00,13.49751,75.54549,Other reported at UNIT-KA-CHIKKAMAGALURU-02,500050,100050,2,1,1,1,1,700017
339,305708824201300339,201300339,2013-06-19,2013-06-19 16:00:00,2013-06-19 17:00:00,2013-06-19 16:00:00,13.73911,75.72021,Grievous Hurt reported at UNIT-KA-CHIKKAMAGALURU-03,500051,100051,3,1,2,3,3,700017
340,105708824201300340,201300340,2013-01-06,2013-01-06 17:00:00,2013-01-06 18:00:00,2013-01-06 17:00:00,13.57236,76.01366,Other reported at UNIT-KA-CHIKKAMAGALURU-03,500051,100051,2,1,1,1,2,700017
341,405820158201300341,201300341,2013-11-18,2013-11-18 11:00:00,2013-11-18 12:00:00,2013-11-18 11:00:00,13.45399,78.16875,Rape reported at UNIT-KA-CHIKKABALLAPURA-01,500052,100052,1,2,5,11,5,700018
342,105828354201300342,201300342,2013-01-15,2013-01-15 09:00:00,2013-01-15 10:00:00,2013-01-15 09:00:00,13.77186,77.86281,Grievous Hurt reported at UNIT-KA-CHIKKABALLAPURA-02,500053,100053,2,1,2,3,5,700018
343,105820158201300343,201300343,2013-04-23,2013-04-23 16:00:00,2013-04-23 17:00:00,2013-04-23 16:00:00,13.63037,77.79748,Grievous Hurt reported at UNIT-KA-CHIKKABALLAPURA-01,500052,100052,2,1,2,3,4,700018
344,105823096201300344,201300344,2013-11-18,2013-11-18 01:00:00,2013-11-18 02:00:00,2013-11-18 01:00:00,13.59886,78.06625,Grievous Hurt reported at UNIT-KA-CHIKKABALLAPURA-03,500054,100054,2,1,2,3,4,700018
345,405828354201300345,201300345,2013-04-03,2013-04-03 21:00:00,2013-04-03 22:00:00,2013-04-03 21:00:00,13.58461,77.82848,Other reported at UNIT-KA-CHIKKABALLAPURA-02,500053,100053,1,1,1,1,1,700018
346,105823096201300346,201300346,2013-07-04,2013-07-04 13:00:00,2013-07-04 14:00:00,2013-07-04 13:00:00,13.55506,77.89989,Theft reported at UNIT-KA-CHIKKABALLAPURA-03,500054,100054,2,1,3,4,1,700018
347,805823096201300347,201300347,2013-10-06,2013-10-06 16:00:00,2013-10-06 17:00:00,2013-10-06 16:00:00,13.54584,77.89603,Grievous Hurt reported at UNIT-KA-CHIKKABALLAPURA-03,500054,100054,4,1,2,3,1,700018
348,105820158201300348,201300348,2013-10-15,2013-10-15 17:00:00,2013-10-15 18:00:00,2013-10-15 17:00:00,13.37754,77.97884,Other reported at UNIT-KA-CHIKKABALLAPURA-01,500052,100052,2,1,1,1,1,700018
349,105828354201300349,201300349,2013-03-13,2013-03-13 11:00:00,2013-03-13 12:00:00,2013-03-13 11:00:00,13.55928,77.86732,Burglary reported at UNIT-KA-CHIKKABALLAPURA-02,500053,100053,2,1,3,5,3,700018
350,105820158201300350,201300350,2013-11-08,2013-11-08 21:00:00,2013-11-08 22:00:00,2013-11-08 21:00:00,13.62518,77.59044,Grievous Hurt reported at UNIT-KA-CHIKKABALLAPURA-01,500052,100052,2,1,2,3,1,700018
351,105820158201300351,201300351,2013-09-27,2013-09-27 09:00:00,2013-09-27 10:00:00,2013-09-27 09:00:00,13.57705,77.7208,Theft reported at UNIT-KA-CHIKKABALLAPURA-01,500052,100052,2,1,3,4,2,700018
352,405828354201300352,201300352,2013-06-13,2013-06-13 05:00:00,2013-06-13 06:00:00,2013-06-13 05:00:00,13.41693,77.95007,Riots reported at UNIT-KA-CHIKKABALLAPURA-02,500053,100053,1,1,4,6,2,700018
353,105828354201300353,201300353,2013-08-07,2013-08-07 08:00:00,2013-08-07 09:00:00,2013-08-07 08:00:00,13.60518,77.91036,Cruelty Husband reported at UNIT-KA-CHIKKABALLAPURA-02,500053,100053,2,1,5,7,1,700018
354,805823096201300354,201300354,2013-12-16,2013-12-16 12:00:00,2013-12-16 13:00:00,2013-12-16 12:00:00,13.4453,77.70965,Other reported at UNIT-KA-CHIKKABALLAPURA-03,500054,100054,4,1,1,1,1,700018
355,105823096201300355,201300355,2013-01-04,2013-01-04 20:00:00,2013-01-04 21:00:00,2013-01-04 20:00:00,13.57694,77.59656,Riots reported at UNIT-KA-CHIKKABALLAPURA-03,500054,100054,2,1,4,6,4,700018
356,105828354201300356,201300356,2013-12-28,2013-12-28 19:00:00,2013-12-28 20:00:00,2013-12-28 19:00:00,13.73967,77.9452,Other reported at UNIT-KA-CHIKKABALLAPURA-02,500053,100053,2,1,1,1,5,700018
357,305828354201300357,201300357,2013-11-10,2013-11-10 16:00:00,2013-11-10 17:00:00,2013-11-10 16:00:00,13.5363,77.72733,Burglary reported at UNIT-KA-CHIKKABALLAPURA-02,500053,100053,3,1,3,5,2,700018
358,105828354201300358,201300358,2013-10-04,2013-10-04 14:00:00,2013-10-04 15:00:00,2013-10-04 14:00:00,13.612,77.75367,Other reported at UNIT-KA-CHIKKABALLAPURA-02,500053,100053,2,1,1,1,1,700018
359,305828354201300359,201300359,2013-05-16,2013-05-16 17:00:00,2013-05-16 18:00:00,2013-05-16 17:00:00,13.40369,77.84893,Riots reported at UNIT-KA-CHIKKABALLAPURA-02,500053,100053,3,1,4,6,2,700018
360,305820158201300360,201300360,2013-10-22,2013-10-22 13:00:00,2013-10-22 14:00:00,2013-10-22 13:00:00,13.44828,77.67194,Other reported at UNIT-KA-CHIKKABALLAPURA-01,500052,100052,3,1,1,1,2,700018
361,305740637201300361,201300361,2013-09-28,2013-09-28 18:00:00,2013-09-28 19:00:00,2013-09-28 18:00:00,12.8435,76.16579,Other reported at UNIT-KA-HASSAN-02,500056,100056,3,1,1,1,1,700019
362,405740637201300362,201300362,2013-06-26,2013-06-26 12:00:00,2013-06-26 13:00:00,2013-06-26 12:00:00,12.82841,75.86296,Other reported at UNIT-KA-HASSAN-02,500056,100056,1,1,1,1,2,700019
363,405747711201300363,201300363,2013-05-17,2013-05-17 17:00:00,2013-05-17 18:00:00,2013-05-17 17:00:00,13.03311,76.1158,Other reported at UNIT-KA-HASSAN-01,500055,100055,1,1,1,1,3,700019
364,305747711201300364,201300364,2013-12-13,2013-12-13 20:00:00,2013-12-13 21:00:00,2013-12-13 20:00:00,12.86187,76.40085,Cheating reported at UNIT-KA-HASSAN-01,500055,100055,3,1,6,8,4,700019
365,305747711201300365,201300365,2013-12-10,2013-12-10 20:00:00,2013-12-10 21:00:00,2013-12-10 20:00:00,12.85884,76.14602,Grievous Hurt reported at UNIT-KA-HASSAN-01,500055,100055,3,1,2,3,1,700019
366,105747711201300366,201300366,2013-02-12,2013-02-12 22:00:00,2013-02-12 23:00:00,2013-02-12 22:00:00,13.05048,76.10451,Other reported at UNIT-KA-HASSAN-01,500055,100055,2,1,1,1,1,700019
367,105747711201300367,201300367,2013-07-25,2013-07-25 18:00:00,2013-07-25 19:00:00,2013-07-25 18:00:00,12.8492,75.85465,Grievous Hurt reported at UNIT-KA-HASSAN-01,500055,100055,2,1,2,3,5,700019
368,105743850201300368,201300368,2013-10-16,2013-10-16 17:00:00,2013-10-16 18:00:00,2013-10-16 17:00:00,12.91182,76.3825,Other reported at UNIT-KA-HASSAN-03,500057,100057,2,1,1,1,4,700019
369,305740637201300369,201300369,2013-10-18,2013-10-18 03:00:00,2013-10-18 04:00:00,2013-10-18 03:00:00,12.88728,75.84539,Other reported at UNIT-KA-HASSAN-02,500056,100056,3,1,1,1,1,700019
370,405747711201300370,201300370,2013-02-17,2013-02-17 05:00:00,2013-02-17 06:00:00,2013-02-17 05:00:00,12.82593,76.51812,Other reported at UNIT-KA-HASSAN-01,500055,100055,1,1,1,1,1,700019
371,105743850201300371,201300371,2013-02-22,2013-02-22 09:00:00,2013-02-22 10:00:00,2013-02-22 09:00:00,13.00108,76.01421,Other reported at UNIT-KA-HASSAN-03,500057,100057,2,1,1,1,1,700019
372,105740637201300372,201300372,2013-12-05,2013-12-05 18:00:00,2013-12-05 19:00:00,2013-12-05 18:00:00,12.89146,76.1071,Grievous Hurt reported at UNIT-KA-HASSAN-02,500056,100056,2,1,2,3,5,700019
373,105747711201300373,201300373,2013-11-18,2013-11-18 16:00:00,2013-11-18 17:00:00,2013-11-18 16:00:00,12.83194,76.19985,Other reported at UNIT-KA-HASSAN-01,500055,100055,2,1,1,1,1,700019
374,105743850201300374,201300374,2013-05-18,2013-05-18 17:00:00,2013-05-18 18:00:00,2013-05-18 17:00:00,12.94148,76.19324,Assault Women Modesty reported at UNIT-KA-HASSAN-03,500057,100057,2,1,5,9,1,700019
375,105740637201300375,201300375,2013-05-02,2013-05-02 17:00:00,2013-05-02 18:00:00,2013-05-02 17:00:00,13.15023,76.00877,Theft reported at UNIT-KA-HASSAN-02,500056,100056,2,1,3,4,2,700019
376,805740637201300376,201300376,2013-02-21,2013-02-21 19:00:00,2013-02-21 20:00:00,2013-02-21 19:00:00,13.17841,76.24477,Other reported at UNIT-KA-HASSAN-02,500056,100056,4,1,1,1,3,700019
377,405743850201300377,201300377,2013-07-23,2013-07-23 00:00:00,2013-07-23 01:00:00,2013-07-23 00:00:00,12.80733,76.08929,Other reported at UNIT-KA-HASSAN-03,500057,100057,1,1,1,1,3,700019
378,405747711201300378,201300378,2013-02-10,2013-02-10 20:00:00,2013-02-10 21:00:00,2013-02-10 20:00:00,12.91056,76.24786,Theft reported at UNIT-KA-HASSAN-01,500055,100055,1,1,3,4,1,700019
379,105740637201300379,201300379,2013-03-13,2013-03-13 21:00:00,2013-03-13 22:00:00,2013-03-13 21:00:00,12.90596,76.17937,Grievous Hurt reported at UNIT-KA-HASSAN-02,500056,100056,2,1,2,3,2,700019
380,105740637201300380,201300380,2013-08-22,2013-08-22 07:00:00,2013-08-22 08:00:00,2013-08-22 07:00:00,13.00174,76.04031,Grievous Hurt reported at UNIT-KA-HASSAN-02,500056,100056,2,1,2,3,2,700019
381,105810934201300381,201300381,2013-01-13,2013-01-13 09:00:00,2013-01-13 10:00:00,2013-01-13 09:00:00,13.028,78.2668,Other reported at UNIT-KA-KOLAR-03,500060,100060,2,1,1,1,2,700020
382,105814413201300382,201300382,2013-01-02,2013-01-02 09:00:00,2013-01-02 10:00:00,2013-01-02 09:00:00,13.0671,78.07229,Grievous Hurt reported at UNIT-KA-KOLAR-01,500058,100058,2,1,2,3,1,700020
383,405817643201300383,201300383,2013-06-24,2013-06-24 13:00:00,2013-06-24 14:00:00,2013-06-24 13:00:00,13.17765,77.99842,Other reported at UNIT-KA-KOLAR-02,500059,100059,1,1,1,1,2,700020
384,105810934201300384,201300384,2013-05-24,2013-05-24 17:00:00,2013-05-24 18:00:00,2013-05-24 17:00:00,12.87516,78.2352,Grievous Hurt reported at UNIT-KA-KOLAR-03,500060,100060,2,1,2,3,2,700020
385,105810934201300385,201300385,2013-12-07,2013-12-07 02:00:00,2013-12-07 03:00:00,2013-12-07 02:00:00,13.13292,78.03072,Other reported at UNIT-KA-KOLAR-03,500060,100060,2,1,1,1,5,700020
386,405810934201300386,201300386,2013-12-24,2013-12-24 15:00:00,2013-12-24 16:00:00,2013-12-24 15:00:00,13.00794,78.17016,Murder reported at UNIT-KA-KOLAR-03,500060,100060,1,2,2,13,1,700020
387,105814413201300387,201300387,2013-04-27,2013-04-27 18:00:00,2013-04-27 19:00:00,2013-04-27 18:00:00,13.1621,78.26853,Other reported at UNIT-KA-KOLAR-01,500058,100058,2,1,1,1,5,700020
388,105817643201300388,201300388,2013-01-18,2013-01-18 09:00:00,2013-01-18 10:00:00,2013-01-18 09:00:00,12.96523,77.9226,Other reported at UNIT-KA-KOLAR-02,500059,100059,2,1,1,1,3,700020
389,105817643201300389,201300389,2013-04-24,2013-04-24 08:00:00,2013-04-24 09:00:00,2013-04-24 08:00:00,13.11953,78.03976,Theft reported at UNIT-KA-KOLAR-02,500059,100059,2,1,3,4,4,700020
390,105817643201300390,201300390,2013-07-04,2013-07-04 21:00:00,2013-07-04 22:00:00,2013-07-04 21:00:00,13.12833,78.10569,Theft reported at UNIT-KA-KOLAR-02,500059,100059,2,1,3,4,5,700020
391,305814413201300391,201300391,2013-02-18,2013-02-18 22:00:00,2013-02-18 23:00:00,2013-02-18 22:00:00,13.12965,78.04663,Other reported at UNIT-KA-KOLAR-01,500058,100058,3,1,1,1,5,700020
392,105814413201300392,201300392,2013-01-04,2013-01-04 00:00:00,2013-01-04 01:00:00,2013-01-04 00:00:00,13.07078,78.1709,Other reported at UNIT-KA-KOLAR-01,500058,100058,2,1,1,1,4,700020
393,105814413201300393,201300393,2013-04-04,2013-04-04 23:00:00,2013-04-04 23:00:00,2013-04-04 23:00:00,13.26766,78.15634,Other reported at UNIT-KA-KOLAR-01,500058,100058,2,1,1,1,1,700020
394,105810934201300394,201300394,2013-10-27,2013-10-27 18:00:00,2013-10-27 19:00:00,2013-10-27 18:00:00,13.06707,78.50927,Other reported at UNIT-KA-KOLAR-03,500060,100060,2,1,1,1,1,700020
395,105814413201300395,201300395,2013-07-24,2013-07-24 07:00:00,2013-07-24 08:00:00,2013-07-24 07:00:00,13.12991,78.26007,Other reported at UNIT-KA-KOLAR-01,500058,100058,2,1,1,1,3,700020
396,105810934201300396,201300396,2013-07-03,2013-07-03 20:00:00,2013-07-03 21:00:00,2013-07-03 20:00:00,12.99603,78.10993,Other reported at UNIT-KA-KOLAR-03,500060,100060,2,1,1,1,2,700020
397,305817643201300397,201300397,2013-09-14,2013-09-14 15:00:00,2013-09-14 16:00:00,2013-09-14 15:00:00,13.15645,78.4913,Other reported at UNIT-KA-KOLAR-02,500059,100059,3,1,1,1,1,700020
398,105814413201300398,201300398,2013-07-05,2013-07-05 00:00:00,2013-07-05 01:00:00,2013-07-05 00:00:00,13.15974,78.01212,Grievous Hurt reported at UNIT-KA-KOLAR-01,500058,100058,2,1,2,3,1,700020
399,305810934201300399,201300399,2013-07-27,2013-07-27 08:00:00,2013-07-27 09:00:00,2013-07-27 08:00:00,12.79692,78.37128,Attempt Murder reported at UNIT-KA-KOLAR-03,500060,100060,3,2,2,12,2,700020
400,405810934201300400,201300400,2013-06-21,2013-06-21 15:00:00,2013-06-21 16:00:00,2013-06-21 15:00:00,12.95394,77.95823,Other reported at UNIT-KA-KOLAR-03,500060,100060,1,1,1,1,1,700020
401,105836293201300401,201300401,2013-09-25,2013-09-25 17:00:00,2013-09-25 18:00:00,2013-09-25 17:00:00,13.04477,77.85091,Other reported at UNIT-KA-BENGALURU-RURAL-03,500063,100063,2,1,1,1,1,700021
402,105837134201300402,201300402,2013-01-05,2013-01-05 06:00:00,2013-01-05 07:00:00,2013-01-05 06:00:00,13.21136,77.47828,Theft reported at UNIT-KA-BENGALURU-RURAL-02,500062,100062,2,1,3,4,4,700021
403,305837134201300403,201300403,2013-05-25,2013-05-25 23:00:00,2013-05-25 23:00:00,2013-05-25 23:00:00,13.36297,77.45298,Theft reported at UNIT-KA-BENGALURU-RURAL-02,500062,100062,3,1,3,4,1,700021
404,105836293201300404,201300404,2013-01-24,2013-01-24 23:00:00,2013-01-24 23:00:00,2013-01-24 23:00:00,13.25988,77.3751,Other reported at UNIT-KA-BENGALURU-RURAL-03,500063,100063,2,1,1,1,2,700021
405,105837134201300405,201300405,2013-06-03,2013-06-03 09:00:00,2013-06-03 10:00:00,2013-06-03 09:00:00,12.97685,78.10522,Other reported at UNIT-KA-BENGALURU-RURAL-02,500062,100062,2,1,1,1,2,700021
406,805838824201300406,201300406,2013-01-25,2013-01-25 02:00:00,2013-01-25 03:00:00,2013-01-25 02:00:00,13.1459,77.49924,Other reported at UNIT-KA-BENGALURU-RURAL-01,500061,100061,4,1,1,1,2,700021
407,305838824201300407,201300407,2013-07-16,2013-07-16 09:00:00,2013-07-16 10:00:00,2013-07-16 09:00:00,12.95568,77.65276,Arson reported at UNIT-KA-BENGALURU-RURAL-01,500061,100061,3,1,3,14,1,700021
408,405836293201300408,201300408,2013-12-24,2013-12-24 19:00:00,2013-12-24 20:00:00,2013-12-24 19:00:00,13.16018,77.69879,Other reported at UNIT-KA-BENGALURU-RURAL-03,500063,100063,1,1,1,1,2,700021
409,105838824201300409,201300409,2013-10-01,2013-10-01 23:00:00,2013-10-01 23:00:00,2013-10-01 23:00:00,13.09293,77.72603,Grievous Hurt reported at UNIT-KA-BENGALURU-RURAL-01,500061,100061,2,1,2,3,1,700021
410,105838824201300410,201300410,2013-07-10,2013-07-10 16:00:00,2013-07-10 17:00:00,2013-07-10 16:00:00,13.33475,77.41322,Grievous Hurt reported at UNIT-KA-BENGALURU-RURAL-01,500061,100061,2,1,2,3,2,700021
411,105838824201300411,201300411,2013-07-07,2013-07-07 18:00:00,2013-07-07 19:00:00,2013-07-07 18:00:00,13.22715,77.78891,Other reported at UNIT-KA-BENGALURU-RURAL-01,500061,100061,2,1,1,1,2,700021
412,405837134201300412,201300412,2013-07-22,2013-07-22 11:00:00,2013-07-22 12:00:00,2013-07-22 11:00:00,13.21549,77.95828,Riots reported at UNIT-KA-BENGALURU-RURAL-02,500062,100062,1,1,4,6,2,700021
413,805838824201300413,201300413,2013-06-17,2013-06-17 13:00:00,2013-06-17 14:00:00,2013-06-17 13:00:00,13.26036,77.71256,Other reported at UNIT-KA-BENGALURU-RURAL-01,500061,100061,4,1,1,1,5,700021
414,105836293201300414,201300414,2013-02-19,2013-02-19 18:00:00,2013-02-19 19:00:00,2013-02-19 18:00:00,13.00248,77.79273,Other reported at UNIT-KA-BENGALURU-RURAL-03,500063,100063,2,1,1,1,1,700021
415,305837134201300415,201300415,2013-05-03,2013-05-03 18:00:00,2013-05-03 19:00:00,2013-05-03 18:00:00,13.4036,77.52594,Other reported at UNIT-KA-BENGALURU-RURAL-02,500062,100062,3,1,1,1,2,700021
416,105836293201300416,201300416,2013-06-21,2013-06-21 14:00:00,2013-06-21 15:00:00,2013-06-21 14:00:00,13.44123,77.45677,Other reported at UNIT-KA-BENGALURU-RURAL-03,500063,100063,2,1,1,1,1,700021
417,105838824201300417,201300417,2013-06-04,2013-06-04 10:00:00,2013-06-04 11:00:00,2013-06-04 10:00:00,13.22874,77.59197,Attempt Murder reported at UNIT-KA-BENGALURU-RURAL-01,500061,100061,2,2,2,12,1,700021
418,105836293201300418,201300418,2013-04-09,2013-04-09 22:00:00,2013-04-09 23:00:00,2013-04-09 22:00:00,13.31077,77.83114,Other reported at UNIT-KA-BENGALURU-RURAL-03,500063,100063,2,1,1,1,4,700021
419,105836293201300419,201300419,2013-08-06,2013-08-06 20:00:00,2013-08-06 21:00:00,2013-08-06 20:00:00,13.50691,77.3573,Other reported at UNIT-KA-BENGALURU-RURAL-03,500063,100063,2,1,1,1,1,700021
420,105838824201300420,201300420,2013-02-01,2013-02-01 19:00:00,2013-02-01 20:00:00,2013-02-01 19:00:00,13.18737,77.63679,Theft reported at UNIT-KA-BENGALURU-RURAL-01,500061,100061,2,1,3,4,1,700021
421,405752590201300421,201300421,2013-06-28,2013-06-28 06:00:00,2013-06-28 07:00:00,2013-06-28 06:00:00,12.7584,75.10472,Riots reported at UNIT-KA-DAKSHINA-KANNADA-01,500064,100064,1,1,4,6,1,700022
422,105754120201300422,201300422,2013-07-09,2013-07-09 20:00:00,2013-07-09 21:00:00,2013-07-09 20:00:00,12.7084,74.91762,Burglary reported at UNIT-KA-DAKSHINA-KANNADA-03,500066,100066,2,1,3,5,2,700022
423,105752752201300423,201300423,2013-12-03,2013-12-03 19:00:00,2013-12-03 20:00:00,2013-12-03 19:00:00,12.64049,75.50542,Other reported at UNIT-KA-DAKSHINA-KANNADA-02,500065,100065,2,1,1,1,1,700022
424,105752590201300424,201300424,2013-09-17,2013-09-17 20:00:00,2013-09-17 21:00:00,2013-09-17 20:00:00,12.9942,75.0528,Riots reported at UNIT-KA-DAKSHINA-KANNADA-01,500064,100064,2,1,4,6,1,700022
425,105754120201300425,201300425,2013-03-15,2013-03-15 18:00:00,2013-03-15 19:00:00,2013-03-15 18:00:00,13.01224,75.07726,Grievous Hurt reported at UNIT-KA-DAKSHINA-KANNADA-03,500066,100066,2,1,2,3,1,700022
426,105752752201300426,201300426,2013-01-15,2013-01-15 16:00:00,2013-01-15 17:00:00,2013-01-15 16:00:00,12.81353,75.33476,Riots reported at UNIT-KA-DAKSHINA-KANNADA-02,500065,100065,2,1,4,6,5,700022
427,105752752201300427,201300427,2013-09-04,2013-09-04 10:00:00,2013-09-04 11:00:00,2013-09-04 10:00:00,12.77105,75.58984,Robbery reported at UNIT-KA-DAKSHINA-KANNADA-02,500065,100065,2,1,2,15,5,700022
428,405754120201300428,201300428,2013-05-28,2013-05-28 15:00:00,2013-05-28 16:00:00,2013-05-28 15:00:00,12.92221,75.19751,Riots reported at UNIT-KA-DAKSHINA-KANNADA-03,500066,100066,1,1,4,6,1,700022
429,105752752201300429,201300429,2013-08-28,2013-08-28 17:00:00,2013-08-28 18:00:00,2013-08-28 17:00:00,12.825,75.33989,Attempt Murder reported at UNIT-KA-DAKSHINA-KANNADA-02,500065,100065,2,2,2,12,4,700022
430,105752752201300430,201300430,2013-08-01,2013-08-01 10:00:00,2013-08-01 11:00:00,2013-08-01 10:00:00,12.88737,75.14329,Other reported at UNIT-KA-DAKSHINA-KANNADA-02,500065,100065,2,1,1,1,1,700022
431,105752590201300431,201300431,2013-12-23,2013-12-23 10:00:00,2013-12-23 11:00:00,2013-12-23 10:00:00,12.97269,75.23767,Other reported at UNIT-KA-DAKSHINA-KANNADA-01,500064,100064,2,1,1,1,5,700022
432,105754120201300432,201300432,2013-10-04,2013-10-04 18:00:00,2013-10-04 19:00:00,2013-10-04 18:00:00,12.66269,75.33447,Grievous Hurt reported at UNIT-KA-DAKSHINA-KANNADA-03,500066,100066,2,1,2,3,3,700022
433,105752590201300433,201300433,2013-10-04,2013-10-04 10:00:00,2013-10-04 11:00:00,2013-10-04 10:00:00,12.95294,75.30774,Other reported at UNIT-KA-DAKSHINA-KANNADA-01,500064,100064,2,1,1,1,2,700022
434,405752752201300434,201300434,2013-08-12,2013-08-12 10:00:00,2013-08-12 11:00:00,2013-08-12 10:00:00,12.82573,75.50392,Assault Women Modesty reported at UNIT-KA-DAKSHINA-KANNADA-02,500065,100065,1,1,5,9,2,700022
435,105754120201300435,201300435,2013-03-13,2013-03-13 15:00:00,2013-03-13 16:00:00,2013-03-13 15:00:00,12.8851,74.96601,Grievous Hurt reported at UNIT-KA-DAKSHINA-KANNADA-03,500066,100066,2,1,2,3,1,700022
436,405752590201300436,201300436,2013-06-05,2013-06-05 17:00:00,2013-06-05 18:00:00,2013-06-05 17:00:00,12.57487,75.0265,Theft reported at UNIT-KA-DAKSHINA-KANNADA-01,500064,100064,1,1,3,4,4,700022
437,105752590201300437,201300437,2013-10-22,2013-10-22 07:00:00,2013-10-22 08:00:00,2013-10-22 07:00:00,12.57018,75.24562,Other reported at UNIT-KA-DAKSHINA-KANNADA-01,500064,100064,2,1,1,1,5,700022
438,105754120201300438,201300438,2013-02-01,2013-02-01 09:00:00,2013-02-01 10:00:00,2013-02-01 09:00:00,13.01233,75.53302,Murder reported at UNIT-KA-DAKSHINA-KANNADA-03,500066,100066,2,2,2,13,2,700022
439,405752752201300439,201300439,2013-11-15,2013-11-15 20:00:00,2013-11-15 21:00:00,2013-11-15 20:00:00,12.96439,75.09145,Riots reported at UNIT-KA-DAKSHINA-KANNADA-02,500065,100065,1,1,4,6,2,700022
440,105752752201300440,201300440,2013-07-13,2013-07-13 18:00:00,2013-07-13 19:00:00,2013-07-13 18:00:00,12.79917,75.19073,Burglary reported at UNIT-KA-DAKSHINA-KANNADA-02,500065,100065,2,1,3,5,2,700022
441,105725249201300441,201300441,2013-10-03,2013-10-03 17:00:00,2013-10-03 18:00:00,2013-10-03 17:00:00,13.05747,77.4604,Theft reported at UNIT-KA-BENGALURU-URBAN-04,500070,100070,2,1,3,4,1,700023
442,105726197201300442,201300442,2013-01-13,2013-01-13 16:00:00,2013-01-13 17:00:00,2013-01-13 16:00:00,12.94284,77.33348,Theft reported at UNIT-KA-BENGALURU-URBAN-01,500067,100067,2,1,3,4,2,700023
443,105727372201300443,201300443,2013-09-19,2013-09-19 14:00:00,2013-09-19 15:00:00,2013-09-19 14:00:00,13.19459,77.66066,Theft reported at UNIT-KA-BENGALURU-URBAN-02,500068,100068,2,1,3,4,4,700023
444,105727372201300444,201300444,2013-12-27,2013-12-27 15:00:00,2013-12-27 16:00:00,2013-12-27 15:00:00,12.69733,77.85708,Robbery reported at UNIT-KA-BENGALURU-URBAN-02,500068,100068,2,1,2,15,1,700023
445,805727372201300445,201300445,2013-09-07,2013-09-07 11:00:00,2013-09-07 12:00:00,2013-09-07 11:00:00,13.1029,77.75818,Theft reported at UNIT-KA-BENGALURU-URBAN-02,500068,100068,4,1,3,4,4,700023
446,105725249201300446,201300446,2013-01-08,2013-01-08 13:00:00,2013-01-08 14:00:00,2013-01-08 13:00:00,12.94662,77.67724,Grievous Hurt reported at UNIT-KA-BENGALURU-URBAN-04,500070,100070,2,1,2,3,2,700023
447,105723426201300447,201300447,2013-09-15,2013-09-15 20:00:00,2013-09-15 21:00:00,2013-09-15 20:00:00,12.6922,77.69644,Other reported at UNIT-KA-BENGALURU-URBAN-03,500069,100069,2,1,1,1,5,700023
448,105725249201300448,201300448,2013-05-12,2013-05-12 01:00:00,2013-05-12 02:00:00,2013-05-12 01:00:00,12.90429,77.69967,Other reported at UNIT-KA-BENGALURU-URBAN-04,500070,100070,2,1,1,1,5,700023
449,405723426201300449,201300449,2013-09-11,2013-09-11 21:00:00,2013-09-11 22:00:00,2013-09-11 21:00:00,13.08361,77.52913,Dacoity reported at UNIT-KA-BENGALURU-URBAN-03,500069,100069,1,2,2,10,1,700023
450,105727372201300450,201300450,2013-12-09,2013-12-09 02:00:00,2013-12-09 03:00:00,2013-12-09 02:00:00,12.94707,77.57454,Theft reported at UNIT-KA-BENGALURU-URBAN-02,500068,100068,2,1,3,4,4,700023
451,405725249201300451,201300451,2013-07-10,2013-07-10 04:00:00,2013-07-10 05:00:00,2013-07-10 04:00:00,13.00712,77.69036,Cheating reported at UNIT-KA-BENGALURU-URBAN-04,500070,100070,1,1,6,8,4,700023
452,305723426201300452,201300452,2013-07-27,2013-07-27 22:00:00,2013-07-27 23:00:00,2013-07-27 22:00:00,12.71538,77.46278,Cheating reported at UNIT-KA-BENGALURU-URBAN-03,500069,100069,3,1,6,8,1,700023
453,105725249201300453,201300453,2013-04-27,2013-04-27 12:00:00,2013-04-27 13:00:00,2013-04-27 12:00:00,12.60519,77.41872,Theft reported at UNIT-KA-BENGALURU-URBAN-04,500070,100070,2,1,3,4,1,700023
454,105725249201300454,201300454,2013-04-19,2013-04-19 19:00:00,2013-04-19 20:00:00,2013-04-19 19:00:00,13.13956,77.16365,Grievous Hurt reported at UNIT-KA-BENGALURU-URBAN-04,500070,100070,2,1,2,3,3,700023
455,105727372201300455,201300455,2013-08-01,2013-08-01 21:00:00,2013-08-01 22:00:00,2013-08-01 21:00:00,13.0018,77.72337,Other reported at UNIT-KA-BENGALURU-URBAN-02,500068,100068,2,1,1,1,5,700023
456,305726197201300456,201300456,2013-06-19,2013-06-19 12:00:00,2013-06-19 13:00:00,2013-06-19 12:00:00,12.85932,77.53076,Cheating reported at UNIT-KA-BENGALURU-URBAN-01,500067,100067,3,1,6,8,5,700023
457,305726197201300457,201300457,2013-01-19,2013-01-19 08:00:00,2013-01-19 09:00:00,2013-01-19 08:00:00,12.71883,77.44681,Theft reported at UNIT-KA-BENGALURU-URBAN-01,500067,100067,3,1,3,4,2,700023
458,105723426201300458,201300458,2013-03-02,2013-03-02 19:00:00,2013-03-02 20:00:00,2013-03-02 19:00:00,13.02055,77.33916,Theft reported at UNIT-KA-BENGALURU-URBAN-03,500069,100069,2,1,3,4,3,700023
459,105723426201300459,201300459,2013-02-08,2013-02-08 23:00:00,2013-02-08 23:00:00,2013-02-08 23:00:00,12.87435,77.50267,Other reported at UNIT-KA-BENGALURU-URBAN-03,500069,100069,2,1,1,1,1,700023
460,105727372201300460,201300460,2013-05-04,2013-05-04 20:00:00,2013-05-04 21:00:00,2013-05-04 20:00:00,12.84304,77.22815,Theft reported at UNIT-KA-BENGALURU-URBAN-02,500068,100068,2,1,3,4,1,700023
461,105723426201300461,201300461,2013-01-14,2013-01-14 21:00:00,2013-01-14 22:00:00,2013-01-14 21:00:00,13.12045,77.72653,Grievous Hurt reported at UNIT-KA-BENGALURU-URBAN-03,500069,100069,2,1,2,3,2,700023
462,105727372201300462,201300462,2013-02-17,2013-02-17 18:00:00,2013-02-17 19:00:00,2013-02-17 18:00:00,13.08456,77.37089,Other reported at UNIT-KA-BENGALURU-URBAN-02,500068,100068,2,1,1,1,1,700023
463,105727372201300463,201300463,2013-11-16,2013-11-16 21:00:00,2013-11-16 22:00:00,2013-11-16 21:00:00,12.69336,77.59285,Theft reported at UNIT-KA-BENGALURU-URBAN-02,500068,100068,2,1,3,4,2,700023
464,105725249201300464,201300464,2013-08-27,2013-08-27 18:00:00,2013-08-27 19:00:00,2013-08-27 18:00:00,12.98108,77.4044,Theft reported at UNIT-KA-BENGALURU-URBAN-04,500070,100070,2,1,3,4,2,700023
465,105727372201300465,201300465,2013-01-10,2013-01-10 12:00:00,2013-01-10 13:00:00,2013-01-10 12:00:00,12.81147,77.61557,Dacoity reported at UNIT-KA-BENGALURU-URBAN-02,500068,100068,2,2,2,10,4,700023
466,105727372201300466,201300466,2013-09-13,2013-09-13 23:00:00,2013-09-13 23:00:00,2013-09-13 23:00:00,12.99203,77.48989,Cheating reported at UNIT-KA-BENGALURU-URBAN-02,500068,100068,2,1,6,8,4,700023
467,105727372201300467,201300467,2013-12-04,2013-12-04 01:00:00,2013-12-04 02:00:00,2013-12-04 01:00:00,12.97867,77.43517,Theft reported at UNIT-KA-BENGALURU-URBAN-02,500068,100068,2,1,3,4,2,700023
468,105725249201300468,201300468,2013-10-28,2013-10-28 09:00:00,2013-10-28 10:00:00,2013-10-28 09:00:00,12.86467,77.70985,Burglary reported at UNIT-KA-BENGALURU-URBAN-04,500070,100070,2,1,3,5,2,700023
469,105727372201300469,201300469,2013-08-24,2013-08-24 13:00:00,2013-08-24 14:00:00,2013-08-24 13:00:00,12.79728,77.67475,Cheating reported at UNIT-KA-BENGALURU-URBAN-02,500068,100068,2,1,6,8,2,700023
470,105727372201300470,201300470,2013-08-17,2013-08-17 13:00:00,2013-08-17 14:00:00,2013-08-17 13:00:00,12.88368,77.37505,Riots reported at UNIT-KA-BENGALURU-URBAN-02,500068,100068,2,1,4,6,1,700023
471,105727372201300471,201300471,2013-12-16,2013-12-16 12:00:00,2013-12-16 13:00:00,2013-12-16 12:00:00,12.60337,77.55034,Riots reported at UNIT-KA-BENGALURU-URBAN-02,500068,100068,2,1,4,6,3,700023
472,105725249201300472,201300472,2013-09-14,2013-09-14 08:00:00,2013-09-14 09:00:00,2013-09-14 08:00:00,12.81025,77.65832,Cbt reported at UNIT-KA-BENGALURU-URBAN-04,500070,100070,2,1,6,16,2,700023
473,305723426201300473,201300473,2013-04-11,2013-04-11 15:00:00,2013-04-11 16:00:00,2013-04-11 15:00:00,13.14758,77.46606,Grievous Hurt reported at UNIT-KA-BENGALURU-URBAN-03,500069,100069,3,1,2,3,4,700023
474,105727372201300474,201300474,2013-01-07,2013-01-07 12:00:00,2013-01-07 13:00:00,2013-01-07 12:00:00,12.87293,77.87214,Theft reported at UNIT-KA-BENGALURU-URBAN-02,500068,100068,2,1,3,4,4,700023
475,105726197201300475,201300475,2013-09-19,2013-09-19 07:00:00,2013-09-19 08:00:00,2013-09-19 07:00:00,12.82207,77.45487,Theft reported at UNIT-KA-BENGALURU-URBAN-01,500067,100067,2,1,3,4,2,700023
476,105727372201300476,201300476,2013-01-11,2013-01-11 15:00:00,2013-01-11 16:00:00,2013-01-11 15:00:00,13.2924,77.7778,Other reported at UNIT-KA-BENGALURU-URBAN-02,500068,100068,2,1,1,1,1,700023
477,105727372201300477,201300477,2013-05-23,2013-05-23 22:00:00,2013-05-23 23:00:00,2013-05-23 22:00:00,13.02552,77.71315,Grievous Hurt reported at UNIT-KA-BENGALURU-URBAN-02,500068,100068,2,1,2,3,2,700023
478,105723426201300478,201300478,2013-01-19,2013-01-19 16:00:00,2013-01-19 17:00:00,2013-01-19 16:00:00,12.89222,77.64508,Other reported at UNIT-KA-BENGALURU-URBAN-03,500069,100069,2,1,1,1,2,700023
479,305726197201300479,201300479,2013-01-20,2013-01-20 01:00:00,2013-01-20 02:00:00,2013-01-20 01:00:00,12.99121,77.52211,Other reported at UNIT-KA-BENGALURU-URBAN-01,500067,100067,3,1,1,1,5,700023
480,305723426201300480,201300480,2013-06-23,2013-06-23 20:00:00,2013-06-23 21:00:00,2013-06-23 20:00:00,13.14633,77.98849,Grievous Hurt reported at UNIT-KA-BENGALURU-URBAN-03,500069,100069,3,1,2,3,5,700023
481,105723426201300481,201300481,2013-12-17,2013-12-17 17:00:00,2013-12-17 18:00:00,2013-12-17 17:00:00,12.72727,77.70167,Burglary reported at UNIT-KA-BENGALURU-URBAN-03,500069,100069,2,1,3,5,4,700023
482,105726197201300482,201300482,2013-01-07,2013-01-07 19:00:00,2013-01-07 20:00:00,2013-01-07 19:00:00,12.80353,77.44354,Theft reported at UNIT-KA-BENGALURU-URBAN-01,500067,100067,2,1,3,4,4,700023
483,105725249201300483,201300483,2013-04-09,2013-04-09 10:00:00,2013-04-09 11:00:00,2013-04-09 10:00:00,12.99291,77.51226,Theft reported at UNIT-KA-BENGALURU-URBAN-04,500070,100070,2,1,3,4,1,700023
484,305723426201300484,201300484,2013-11-26,2013-11-26 18:00:00,2013-11-26 19:00:00,2013-11-26 18:00:00,12.88332,77.72113,Theft reported at UNIT-KA-BENGALURU-URBAN-03,500069,100069,3,1,3,4,3,700023
485,105723426201300485,201300485,2013-07-22,2013-07-22 13:00:00,2013-07-22 14:00:00,2013-07-22 13:00:00,12.88289,77.55686,Theft reported at UNIT-KA-BENGALURU-URBAN-03,500069,100069,2,1,3,4,5,700023
486,305725249201300486,201300486,2013-08-19,2013-08-19 20:00:00,2013-08-19 21:00:00,2013-08-19 20:00:00,12.76671,77.50046,Cheating reported at UNIT-KA-BENGALURU-URBAN-04,500070,100070,3,1,6,8,2,700023
487,105727372201300487,201300487,2013-10-25,2013-10-25 22:00:00,2013-10-25 23:00:00,2013-10-25 22:00:00,13.06959,77.7605,Theft reported at UNIT-KA-BENGALURU-URBAN-02,500068,100068,2,1,3,4,4,700023
488,105726197201300488,201300488,2013-03-22,2013-03-22 19:00:00,2013-03-22 20:00:00,2013-03-22 19:00:00,12.65852,77.48473,Theft reported at UNIT-KA-BENGALURU-URBAN-01,500067,100067,2,1,3,4,1,700023
489,105723426201300489,201300489,2013-11-24,2013-11-24 21:00:00,2013-11-24 22:00:00,2013-11-24 21:00:00,13.06885,77.42428,Other reported at UNIT-KA-BENGALURU-URBAN-03,500069,100069,2,1,1,1,2,700023
490,105727372201300490,201300490,2013-02-11,2013-02-11 11:00:00,2013-02-11 12:00:00,2013-02-11 11:00:00,12.84338,77.64608,Theft reported at UNIT-KA-BENGALURU-URBAN-02,500068,100068,2,1,3,4,1,700023
491,305723426201300491,201300491,2013-02-21,2013-02-21 18:00:00,2013-02-21 19:00:00,2013-02-21 18:00:00,13.10599,77.35947,Burglary reported at UNIT-KA-BENGALURU-URBAN-03,500069,100069,3,1,3,5,1,700023
492,105725249201300492,201300492,2013-09-12,2013-09-12 19:00:00,2013-09-12 20:00:00,2013-09-12 19:00:00,12.99528,77.64383,Theft reported at UNIT-KA-BENGALURU-URBAN-04,500070,100070,2,1,3,4,2,700023
493,105726197201300493,201300493,2013-08-12,2013-08-12 21:00:00,2013-08-12 22:00:00,2013-08-12 21:00:00,13.12435,77.64597,Dacoity reported at UNIT-KA-BENGALURU-URBAN-01,500067,100067,2,2,2,10,2,700023
494,305727372201300494,201300494,2013-09-04,2013-09-04 09:00:00,2013-09-04 10:00:00,2013-09-04 09:00:00,12.98139,77.64266,Kidnap Abduct reported at UNIT-KA-BENGALURU-URBAN-02,500068,100068,3,2,2,2,2,700023
495,405725249201300495,201300495,2013-12-03,2013-12-03 16:00:00,2013-12-03 17:00:00,2013-12-03 16:00:00,12.79926,77.77294,Grievous Hurt reported at UNIT-KA-BENGALURU-URBAN-04,500070,100070,1,1,2,3,1,700023
496,105725249201300496,201300496,2013-07-09,2013-07-09 10:00:00,2013-07-09 11:00:00,2013-07-09 10:00:00,12.91311,77.30133,Grievous Hurt reported at UNIT-KA-BENGALURU-URBAN-04,500070,100070,2,1,2,3,1,700023
497,105727372201300497,201300497,2013-06-08,2013-06-08 00:00:00,2013-06-08 01:00:00,2013-06-08 00:00:00,13.03997,77.63038,Grievous Hurt reported at UNIT-KA-BENGALURU-URBAN-02,500068,100068,2,1,2,3,5,700023
498,105725249201300498,201300498,2013-12-06,2013-12-06 10:00:00,2013-12-06 11:00:00,2013-12-06 10:00:00,12.86136,77.47016,Theft reported at UNIT-KA-BENGALURU-URBAN-04,500070,100070,2,1,3,4,1,700023
499,105725249201300499,201300499,2013-01-25,2013-01-25 14:00:00,2013-01-25 15:00:00,2013-01-25 14:00:00,13.11973,77.54501,Theft reported at UNIT-KA-BENGALURU-URBAN-04,500070,100070,2,1,3,4,2,700023
500,305725249201300500,201300500,2013-06-25,2013-06-25 16:00:00,2013-06-25 17:00:00,2013-06-25 16:00:00,12.98773,77.91567,Other reported at UNIT-KA-BENGALURU-URBAN-04,500070,100070,3,1,1,1,1,700023
501,105727372201300501,201300501,2013-01-18,2013-01-18 13:00:00,2013-01-18 14:00:00,2013-01-18 13:00:00,13.04915,77.341,Other reported at UNIT-KA-BENGALURU-URBAN-02,500068,100068,2,1,1,1,5,700023
502,105766997201300502,201300502,2013-12-25,2013-12-25 16:00:00,2013-12-25 17:00:00,2013-12-25 16:00:00,12.06255,75.49448,Grievous Hurt reported at UNIT-KA-KODAGU-03,500073,100073,2,1,2,3,5,700024
503,405765447201300503,201300503,2013-06-14,2013-06-14 19:00:00,2013-06-14 20:00:00,2013-06-14 19:00:00,12.3903,75.72063,Cheating reported at UNIT-KA-KODAGU-01,500071,100071,1,1,6,8,1,700024
504,105765447201300504,201300504,2013-03-17,2013-03-17 19:00:00,2013-03-17 20:00:00,2013-03-17 19:00:00,12.41231,75.90413,Cheating reported at UNIT-KA-KODAGU-01,500071,100071,2,1,6,8,2,700024
505,105765447201300505,201300505,2013-03-19,2013-03-19 17:00:00,2013-03-19 18:00:00,2013-03-19 17:00:00,12.59118,75.80586,Other reported at UNIT-KA-KODAGU-01,500071,100071,2,1,1,1,2,700024
506,105761864201300506,201300506,2013-02-11,2013-02-11 00:00:00,2013-02-11 01:00:00,2013-02-11 00:00:00,12.45649,75.90177,Grievous Hurt reported at UNIT-KA-KODAGU-02,500072,100072,2,1,2,3,1,700024
507,105761864201300507,201300507,2013-09-28,2013-09-28 16:00:00,2013-09-28 17:00:00,2013-09-28 16:00:00,12.42152,75.47001,Other reported at UNIT-KA-KODAGU-02,500072,100072,2,1,1,1,3,700024
508,105766997201300508,201300508,2013-02-05,2013-02-05 09:00:00,2013-02-05 10:00:00,2013-02-05 09:00:00,12.38322,75.78632,Cheating reported at UNIT-KA-KODAGU-03,500073,100073,2,1,6,8,1,700024
509,105761864201300509,201300509,2013-01-19,2013-01-19 11:00:00,2013-01-19 12:00:00,2013-01-19 11:00:00,12.12547,75.94262,Grievous Hurt reported at UNIT-KA-KODAGU-02,500072,100072,2,1,2,3,5,700024
510,105761864201300510,201300510,2013-11-10,2013-11-10 16:00:00,2013-11-10 17:00:00,2013-11-10 16:00:00,12.42178,75.99077,Other reported at UNIT-KA-KODAGU-02,500072,100072,2,1,1,1,2,700024
511,105765447201300511,201300511,2013-08-11,2013-08-11 22:00:00,2013-08-11 23:00:00,2013-08-11 22:00:00,12.31047,75.6427,Other reported at UNIT-KA-KODAGU-01,500071,100071,2,1,1,1,1,700024
512,105765447201300512,201300512,2013-07-26,2013-07-26 09:00:00,2013-07-26 10:00:00,2013-07-26 09:00:00,12.48363,75.87704,Assault Women Modesty reported at UNIT-KA-KODAGU-01,500071,100071,2,1,5,9,5,700024
513,105761864201300513,201300513,2013-06-27,2013-06-27 12:00:00,2013-06-27 13:00:00,2013-06-27 12:00:00,12.43409,75.61953,Other reported at UNIT-KA-KODAGU-02,500072,100072,2,1,1,1,2,700024
514,105766997201300514,201300514,2013-04-20,2013-04-20 09:00:00,2013-04-20 10:00:00,2013-04-20 09:00:00,12.12418,75.7885,Grievous Hurt reported at UNIT-KA-KODAGU-03,500073,100073,2,1,2,3,1,700024
515,105761864201300515,201300515,2013-02-16,2013-02-16 22:00:00,2013-02-16 23:00:00,2013-02-16 22:00:00,12.61639,75.99333,Grievous Hurt reported at UNIT-KA-KODAGU-02,500072,100072,2,1,2,3,1,700024
516,105765447201300516,201300516,2013-12-23,2013-12-23 21:00:00,2013-12-23 22:00:00,2013-12-23 21:00:00,12.41176,75.3936,Grievous Hurt reported at UNIT-KA-KODAGU-01,500071,100071,2,1,2,3,2,700024
517,305766997201300517,201300517,2013-09-12,2013-09-12 02:00:00,2013-09-12 03:00:00,2013-09-12 02:00:00,12.61002,75.81176,Other reported at UNIT-KA-KODAGU-03,500073,100073,3,1,1,1,1,700024
518,105761864201300518,201300518,2013-04-25,2013-04-25 17:00:00,2013-04-25 18:00:00,2013-04-25 17:00:00,12.65704,75.90197,Other reported at UNIT-KA-KODAGU-02,500072,100072,2,1,1,1,4,700024
519,105765447201300519,201300519,2013-07-05,2013-07-05 10:00:00,2013-07-05 11:00:00,2013-07-05 10:00:00,12.43303,75.90778,Other reported at UNIT-KA-KODAGU-01,500071,100071,2,1,1,1,5,700024
520,305766997201300520,201300520,2013-02-11,2013-02-11 12:00:00,2013-02-11 13:00:00,2013-02-11 12:00:00,12.69184,75.52733,Other reported at UNIT-KA-KODAGU-03,500073,100073,3,1,1,1,5,700024
521,105761864201300521,201300521,2013-04-25,2013-04-25 13:00:00,2013-04-25 14:00:00,2013-04-25 13:00:00,12.22462,75.9947,Theft reported at UNIT-KA-KODAGU-02,500072,100072,2,1,3,4,1,700024
522,105788373201300522,201300522,2013-05-20,2013-05-20 21:00:00,2013-05-20 22:00:00,2013-05-20 21:00:00,11.85849,77.27265,Riots reported at UNIT-KA-CHAMARAJANAGARA-02,500075,100075,2,1,4,6,1,700025
523,805781900201300523,201300523,2013-08-14,2013-08-14 23:00:00,2013-08-14 23:00:00,2013-08-14 23:00:00,12.1021,76.86433,Burglary reported at UNIT-KA-CHAMARAJANAGARA-01,500074,100074,4,1,3,5,1,700025
524,105788373201300524,201300524,2013-10-07,2013-10-07 19:00:00,2013-10-07 20:00:00,2013-10-07 19:00:00,12.11467,77.15705,Other reported at UNIT-KA-CHAMARAJANAGARA-02,500075,100075,2,1,1,1,4,700025
525,305788373201300525,201300525,2013-09-17,2013-09-17 18:00:00,2013-09-17 19:00:00,2013-09-17 18:00:00,11.68575,76.86563,Grievous Hurt reported at UNIT-KA-CHAMARAJANAGARA-02,500075,100075,3,1,2,3,5,700025
526,105781900201300526,201300526,2013-08-28,2013-08-28 17:00:00,2013-08-28 18:00:00,2013-08-28 17:00:00,11.85402,77.20744,Riots reported at UNIT-KA-CHAMARAJANAGARA-01,500074,100074,2,1,4,6,4,700025
527,305788373201300527,201300527,2013-11-28,2013-11-28 18:00:00,2013-11-28 19:00:00,2013-11-28 18:00:00,11.87317,77.18218,Other reported at UNIT-KA-CHAMARAJANAGARA-02,500075,100075,3,1,1,1,1,700025
528,405786704201300528,201300528,2013-09-07,2013-09-07 09:00:00,2013-09-07 10:00:00,2013-09-07 09:00:00,12.1314,77.20819,Grievous Hurt reported at UNIT-KA-CHAMARAJANAGARA-03,500076,100076,1,1,2,3,5,700025
529,105786704201300529,201300529,2013-12-05,2013-12-05 10:00:00,2013-12-05 11:00:00,2013-12-05 10:00:00,11.59372,76.91916,Theft reported at UNIT-KA-CHAMARAJANAGARA-03,500076,100076,2,1,3,4,2,700025
530,405786704201300530,201300530,2013-02-02,2013-02-02 17:00:00,2013-02-02 18:00:00,2013-02-02 17:00:00,11.98219,76.93236,Grievous Hurt reported at UNIT-KA-CHAMARAJANAGARA-03,500076,100076,1,1,2,3,2,700025
531,105781900201300531,201300531,2013-11-09,2013-11-09 14:00:00,2013-11-09 15:00:00,2013-11-09 14:00:00,11.98089,76.9968,Assault Women Modesty reported at UNIT-KA-CHAMARAJANAGARA-01,500074,100074,2,1,5,9,1,700025
532,105786704201300532,201300532,2013-05-02,2013-05-02 12:00:00,2013-05-02 13:00:00,2013-05-02 12:00:00,11.73154,77.24862,Grievous Hurt reported at UNIT-KA-CHAMARAJANAGARA-03,500076,100076,2,1,2,3,1,700025
533,405788373201300533,201300533,2013-07-14,2013-07-14 20:00:00,2013-07-14 21:00:00,2013-07-14 20:00:00,12.05004,77.04658,Riots reported at UNIT-KA-CHAMARAJANAGARA-02,500075,100075,1,1,4,6,5,700025
534,305786704201300534,201300534,2013-10-27,2013-10-27 15:00:00,2013-10-27 16:00:00,2013-10-27 15:00:00,11.77908,76.93271,Burglary reported at UNIT-KA-CHAMARAJANAGARA-03,500076,100076,3,1,3,5,4,700025
535,105788373201300535,201300535,2013-01-12,2013-01-12 19:00:00,2013-01-12 20:00:00,2013-01-12 19:00:00,11.87548,76.88272,Other reported at UNIT-KA-CHAMARAJANAGARA-02,500075,100075,2,1,1,1,2,700025
536,105788373201300536,201300536,2013-12-15,2013-12-15 20:00:00,2013-12-15 21:00:00,2013-12-15 20:00:00,12.05089,76.92105,Grievous Hurt reported at UNIT-KA-CHAMARAJANAGARA-02,500075,100075,2,1,2,3,4,700025
537,105781900201300537,201300537,2013-02-11,2013-02-11 20:00:00,2013-02-11 21:00:00,2013-02-11 20:00:00,11.8606,77.17987,Grievous Hurt reported at UNIT-KA-CHAMARAJANAGARA-01,500074,100074,2,1,2,3,4,700025
538,105781900201300538,201300538,2013-06-01,2013-06-01 22:00:00,2013-06-01 23:00:00,2013-06-01 22:00:00,12.14087,77.15648,Grievous Hurt reported at UNIT-KA-CHAMARAJANAGARA-01,500074,100074,2,1,2,3,4,700025
539,105788373201300539,201300539,2013-06-18,2013-06-18 08:00:00,2013-06-18 09:00:00,2013-06-18 08:00:00,11.92744,77.08824,Other reported at UNIT-KA-CHAMARAJANAGARA-02,500075,100075,2,1,1,1,2,700025
540,805781900201300540,201300540,2013-08-21,2013-08-21 21:00:00,2013-08-21 22:00:00,2013-08-21 21:00:00,12.01314,76.93722,Other reported at UNIT-KA-CHAMARAJANAGARA-01,500074,100074,4,1,1,1,1,700025
541,805788373201300541,201300541,2013-06-08,2013-06-08 14:00:00,2013-06-08 15:00:00,2013-06-08 14:00:00,11.91517,77.1563,Other reported at UNIT-KA-CHAMARAJANAGARA-02,500075,100075,4,1,1,1,3,700025
542,105714948201300542,201300542,2013-12-06,2013-12-06 16:00:00,2013-12-06 17:00:00,2013-12-06 16:00:00,13.58254,76.9189,Other reported at UNIT-KA-TUMAKURU-01,500077,100077,2,1,1,1,2,700026
543,305710242201300543,201300543,2013-03-28,2013-03-28 18:00:00,2013-03-28 19:00:00,2013-03-28 18:00:00,13.55604,77.09904,Other reported at UNIT-KA-TUMAKURU-02,500078,100078,3,1,1,1,2,700026
544,805714948201300544,201300544,2013-02-06,2013-02-06 18:00:00,2013-02-06 19:00:00,2013-02-06 18:00:00,14.05994,77.04424,Other reported at UNIT-KA-TUMAKURU-01,500077,100077,4,1,1,1,1,700026
545,405714948201300545,201300545,2013-08-01,2013-08-01 16:00:00,2013-08-01 17:00:00,2013-08-01 16:00:00,13.32623,76.77935,Other reported at UNIT-KA-TUMAKURU-01,500077,100077,1,1,1,1,4,700026
546,105714948201300546,201300546,2013-08-07,2013-08-07 10:00:00,2013-08-07 11:00:00,2013-08-07 10:00:00,13.60852,76.99434,Burglary reported at UNIT-KA-TUMAKURU-01,500077,100077,2,1,3,5,1,700026
547,105710242201300547,201300547,2013-04-10,2013-04-10 08:00:00,2013-04-10 09:00:00,2013-04-10 08:00:00,13.75421,76.98131,Other reported at UNIT-KA-TUMAKURU-02,500078,100078,2,1,1,1,2,700026
548,105717891201300548,201300548,2013-01-02,2013-01-02 02:00:00,2013-01-02 03:00:00,2013-01-02 02:00:00,13.75009,77.0065,Other reported at UNIT-KA-TUMAKURU-03,500079,100079,2,1,1,1,2,700026
549,105710242201300549,201300549,2013-12-04,2013-12-04 09:00:00,2013-12-04 10:00:00,2013-12-04 09:00:00,13.60964,77.03206,Other reported at UNIT-KA-TUMAKURU-02,500078,100078,2,1,1,1,1,700026
550,405717891201300550,201300550,2013-11-10,2013-11-10 17:00:00,2013-11-10 18:00:00,2013-11-10 17:00:00,13.68771,77.35471,Cheating reported at UNIT-KA-TUMAKURU-03,500079,100079,1,1,6,8,5,700026
551,105714948201300551,201300551,2013-02-04,2013-02-04 04:00:00,2013-02-04 05:00:00,2013-02-04 04:00:00,13.74913,77.27727,Assault Women Modesty reported at UNIT-KA-TUMAKURU-01,500077,100077,2,1,5,9,1,700026
552,305710242201300552,201300552,2013-04-03,2013-04-03 20:00:00,2013-04-03 21:00:00,2013-04-03 20:00:00,13.41895,76.97585,Cheating reported at UNIT-KA-TUMAKURU-02,500078,100078,3,1,6,8,1,700026
553,305710242201300553,201300553,2013-01-22,2013-01-22 17:00:00,2013-01-22 18:00:00,2013-01-22 17:00:00,13.84539,76.9286,Grievous Hurt reported at UNIT-KA-TUMAKURU-02,500078,100078,3,1,2,3,1,700026
554,105717891201300554,201300554,2013-01-28,2013-01-28 19:00:00,2013-01-28 20:00:00,2013-01-28 19:00:00,13.30892,77.15167,Theft reported at UNIT-KA-TUMAKURU-03,500079,100079,2,1,3,4,2,700026
555,105714948201300555,201300555,2013-10-02,2013-10-02 13:00:00,2013-10-02 14:00:00,2013-10-02 13:00:00,13.70247,76.78706,Other reported at UNIT-KA-TUMAKURU-01,500077,100077,2,1,1,1,1,700026
556,105714948201300556,201300556,2013-06-08,2013-06-08 15:00:00,2013-06-08 16:00:00,2013-06-08 15:00:00,13.73607,77.21868,Other reported at UNIT-KA-TUMAKURU-01,500077,100077,2,1,1,1,1,700026
557,805714948201300557,201300557,2013-06-07,2013-06-07 20:00:00,2013-06-07 21:00:00,2013-06-07 20:00:00,13.75205,76.97945,Other reported at UNIT-KA-TUMAKURU-01,500077,100077,4,1,1,1,2,700026
558,405717891201300558,201300558,2013-06-15,2013-06-15 19:00:00,2013-06-15 20:00:00,2013-06-15 19:00:00,13.33627,76.9581,Riots reported at UNIT-KA-TUMAKURU-03,500079,100079,1,1,4,6,2,700026
559,105717891201300559,201300559,2013-08-01,2013-08-01 14:00:00,2013-08-01 15:00:00,2013-08-01 14:00:00,13.54129,76.89087,Theft reported at UNIT-KA-TUMAKURU-03,500079,100079,2,1,3,4,5,700026
560,305710242201300560,201300560,2013-10-17,2013-10-17 12:00:00,2013-10-17 13:00:00,2013-10-17 12:00:00,13.56567,76.71372,Other reported at UNIT-KA-TUMAKURU-02,500078,100078,3,1,1,1,5,700026
561,105710242201300561,201300561,2013-08-16,2013-08-16 17:00:00,2013-08-16 18:00:00,2013-08-16 17:00:00,13.54329,77.12351,Other reported at UNIT-KA-TUMAKURU-02,500078,100078,2,1,1,1,1,700026
562,105840908201300562,201300562,2013-05-09,2013-05-09 10:00:00,2013-05-09 11:00:00,2013-05-09 10:00:00,12.60256,77.37145,Cheating reported at UNIT-KA-RAMANAGARA-03,500082,100082,2,1,6,8,1,700027
563,105847945201300563,201300563,2013-09-28,2013-09-28 12:00:00,2013-09-28 13:00:00,2013-09-28 12:00:00,12.93235,77.31099,Other reported at UNIT-KA-RAMANAGARA-02,500081,100081,2,1,1,1,5,700027
564,105842140201300564,201300564,2013-02-01,2013-02-01 19:00:00,2013-02-01 20:00:00,2013-02-01 19:00:00,12.72034,77.06011,Grievous Hurt reported at UNIT-KA-RAMANAGARA-01,500080,100080,2,1,2,3,2,700027
565,105840908201300565,201300565,2013-01-14,2013-01-14 22:00:00,2013-01-14 23:00:00,2013-01-14 22:00:00,12.79441,77.2051,Other reported at UNIT-KA-RAMANAGARA-03,500082,100082,2,1,1,1,1,700027
566,105842140201300566,201300566,2013-04-09,2013-04-09 09:00:00,2013-04-09 10:00:00,2013-04-09 09:00:00,12.88794,77.47484,Grievous Hurt reported at UNIT-KA-RAMANAGARA-01,500080,100080,2,1,2,3,3,700027
567,305840908201300567,201300567,2013-11-09,2013-11-09 00:00:00,2013-11-09 01:00:00,2013-11-09 00:00:00,12.74566,77.41074,Other reported at UNIT-KA-RAMANAGARA-03,500082,100082,3,1,1,1,1,700027
568,105840908201300568,201300568,2013-02-19,2013-02-19 17:00:00,2013-02-19 18:00:00,2013-02-19 17:00:00,12.74039,77.62294,Other reported at UNIT-KA-RAMANAGARA-03,500082,100082,2,1,1,1,2,700027
569,405847945201300569,201300569,2013-07-15,2013-07-15 22:00:00,2013-07-15 23:00:00,2013-07-15 22:00:00,12.8856,77.18636,Grievous Hurt reported at UNIT-KA-RAMANAGARA-02,500081,100081,1,1,2,3,1,700027
570,105847945201300570,201300570,2013-05-27,2013-05-27 13:00:00,2013-05-27 14:00:00,2013-05-27 13:00:00,12.95835,77.26158,Riots reported at UNIT-KA-RAMANAGARA-02,500081,100081,2,1,4,6,1,700027
571,105847945201300571,201300571,2013-05-21,2013-05-21 00:00:00,2013-05-21 01:00:00,2013-05-21 00:00:00,12.88693,77.50725,Assault Women Modesty reported at UNIT-KA-RAMANAGARA-02,500081,100081,2,1,5,9,5,700027
572,105847945201300572,201300572,2013-06-21,2013-06-21 18:00:00,2013-06-21 19:00:00,2013-06-21 18:00:00,13.13456,77.10103,Grievous Hurt reported at UNIT-KA-RAMANAGARA-02,500081,100081,2,1,2,3,4,700027
573,105842140201300573,201300573,2013-02-17,2013-02-17 17:00:00,2013-02-17 18:00:00,2013-02-17 17:00:00,12.54728,77.33007,Assault Women Modesty reported at UNIT-KA-RAMANAGARA-01,500080,100080,2,1,5,9,4,700027
574,105847945201300574,201300574,2013-08-11,2013-08-11 22:00:00,2013-08-11 23:00:00,2013-08-11 22:00:00,12.60738,77.19635,Other reported at UNIT-KA-RAMANAGARA-02,500081,100081,2,1,1,1,4,700027
575,105840908201300575,201300575,2013-07-03,2013-07-03 18:00:00,2013-07-03 19:00:00,2013-07-03 18:00:00,12.57663,77.52102,Theft reported at UNIT-KA-RAMANAGARA-03,500082,100082,2,1,3,4,3,700027
576,105847945201300576,201300576,2013-06-05,2013-06-05 16:00:00,2013-06-05 17:00:00,2013-06-05 16:00:00,12.66243,77.55199,Attempt Murder reported at UNIT-KA-RAMANAGARA-02,500081,100081,2,2,2,12,2,700027
577,305847945201300577,201300577,2013-02-05,2013-02-05 03:00:00,2013-02-05 04:00:00,2013-02-05 03:00:00,12.87713,77.47627,Other reported at UNIT-KA-RAMANAGARA-02,500081,100081,3,1,1,1,3,700027
578,105847945201300578,201300578,2013-01-21,2013-01-21 10:00:00,2013-01-21 11:00:00,2013-01-21 10:00:00,12.74992,77.28531,Theft reported at UNIT-KA-RAMANAGARA-02,500081,100081,2,1,3,4,5,700027
579,105842140201300579,201300579,2013-01-07,2013-01-07 09:00:00,2013-01-07 10:00:00,2013-01-07 09:00:00,12.78818,77.50223,Other reported at UNIT-KA-RAMANAGARA-01,500080,100080,2,1,1,1,2,700027
580,305847945201300580,201300580,2013-06-09,2013-06-09 12:00:00,2013-06-09 13:00:00,2013-06-09 12:00:00,12.58312,77.4626,Other reported at UNIT-KA-RAMANAGARA-02,500081,100081,3,1,1,1,2,700027
581,105847945201300581,201300581,2013-01-21,2013-01-21 13:00:00,2013-01-21 14:00:00,2013-01-21 13:00:00,12.61897,77.17033,Theft reported at UNIT-KA-RAMANAGARA-02,500081,100081,2,1,3,4,4,700027
582,105735910201300582,201300582,2013-01-02,2013-01-02 18:00:00,2013-01-02 19:00:00,2013-01-02 18:00:00,12.28279,76.8156,Other reported at UNIT-KA-MANDYA-02,500084,100084,2,1,1,1,2,700028
583,105735770201300583,201300583,2013-07-18,2013-07-18 20:00:00,2013-07-18 21:00:00,2013-07-18 20:00:00,12.76115,76.75585,Other reported at UNIT-KA-MANDYA-03,500085,100085,2,1,1,1,1,700028
584,105735770201300584,201300584,2013-08-12,2013-08-12 13:00:00,2013-08-12 14:00:00,2013-08-12 13:00:00,12.594,76.72082,Other reported at UNIT-KA-MANDYA-03,500085,100085,2,1,1,1,5,700028
585,105735910201300585,201300585,2013-12-06,2013-12-06 16:00:00,2013-12-06 17:00:00,2013-12-06 16:00:00,12.70815,76.64254,Other reported at UNIT-KA-MANDYA-02,500084,100084,2,1,1,1,3,700028
586,105733081201300586,201300586,2013-11-23,2013-11-23 19:00:00,2013-11-23 20:00:00,2013-11-23 19:00:00,12.62773,76.63045,Other reported at UNIT-KA-MANDYA-01,500083,100083,2,1,1,1,1,700028
587,105733081201300587,201300587,2013-09-26,2013-09-26 21:00:00,2013-09-26 22:00:00,2013-09-26 21:00:00,12.6538,76.86671,Other reported at UNIT-KA-MANDYA-01,500083,100083,2,1,1,1,1,700028
588,805735770201300588,201300588,2013-12-20,2013-12-20 13:00:00,2013-12-20 14:00:00,2013-12-20 13:00:00,12.535,76.96139,Theft reported at UNIT-KA-MANDYA-03,500085,100085,4,1,3,4,1,700028
589,805735770201300589,201300589,2013-01-13,2013-01-13 15:00:00,2013-01-13 16:00:00,2013-01-13 15:00:00,12.76373,76.85523,Other reported at UNIT-KA-MANDYA-03,500085,100085,4,1,1,1,4,700028
590,305735910201300590,201300590,2013-07-04,2013-07-04 10:00:00,2013-07-04 11:00:00,2013-07-04 10:00:00,12.66788,76.81614,Cruelty Husband reported at UNIT-KA-MANDYA-02,500084,100084,3,1,5,7,4,700028
591,105733081201300591,201300591,2013-10-11,2013-10-11 01:00:00,2013-10-11 02:00:00,2013-10-11 01:00:00,12.36576,76.91903,Theft reported at UNIT-KA-MANDYA-01,500083,100083,2,1,3,4,3,700028
592,305733081201300592,201300592,2013-03-05,2013-03-05 06:00:00,2013-03-05 07:00:00,2013-03-05 06:00:00,12.56072,76.42403,Other reported at UNIT-KA-MANDYA-01,500083,100083,3,1,1,1,2,700028
593,105733081201300593,201300593,2013-11-12,2013-11-12 05:00:00,2013-11-12 06:00:00,2013-11-12 05:00:00,12.39627,76.84094,Cruelty Husband reported at UNIT-KA-MANDYA-01,500083,100083,2,1,5,7,1,700028
594,105735770201300594,201300594,2013-04-05,2013-04-05 01:00:00,2013-04-05 02:00:00,2013-04-05 01:00:00,12.50171,77.0627,Theft reported at UNIT-KA-MANDYA-03,500085,100085,2,1,3,4,2,700028
595,105733081201300595,201300595,2013-03-28,2013-03-28 08:00:00,2013-03-28 09:00:00,2013-03-28 08:00:00,12.26683,76.79102,Cruelty Husband reported at UNIT-KA-MANDYA-01,500083,100083,2,1,5,7,1,700028
596,405735770201300596,201300596,2013-08-20,2013-08-20 21:00:00,2013-08-20 22:00:00,2013-08-20 21:00:00,12.76559,76.751,Other reported at UNIT-KA-MANDYA-03,500085,100085,1,1,1,1,2,700028
597,105735910201300597,201300597,2013-09-20,2013-09-20 11:00:00,2013-09-20 12:00:00,2013-09-20 11:00:00,12.52023,76.93226,Grievous Hurt reported at UNIT-KA-MANDYA-02,500084,100084,2,1,2,3,3,700028
598,105735910201300598,201300598,2013-10-17,2013-10-17 21:00:00,2013-10-17 22:00:00,2013-10-17 21:00:00,12.63496,77.17307,Burglary reported at UNIT-KA-MANDYA-02,500084,100084,2,1,3,5,1,700028
599,305735770201300599,201300599,2013-11-22,2013-11-22 11:00:00,2013-11-22 12:00:00,2013-11-22 11:00:00,12.45515,76.96376,Other reported at UNIT-KA-MANDYA-03,500085,100085,3,1,1,1,1,700028
600,105733081201300600,201300600,2013-12-09,2013-12-09 13:00:00,2013-12-09 14:00:00,2013-12-09 13:00:00,12.74583,76.73771,Other reported at UNIT-KA-MANDYA-01,500083,100083,2,1,1,1,2,700028
601,105735910201300601,201300601,2013-07-07,2013-07-07 16:00:00,2013-07-07 17:00:00,2013-07-07 16:00:00,12.53964,77.26074,Other reported at UNIT-KA-MANDYA-02,500084,100084,2,1,1,1,2,700028
602,105770079201300602,201300602,2013-01-18,2013-01-18 19:00:00,2013-01-18 20:00:00,2013-01-18 19:00:00,12.25933,76.45323,Other reported at UNIT-KA-MYSURU-03,500088,100088,2,1,1,1,5,700029
603,105771315201300603,201300603,2013-12-10,2013-12-10 11:00:00,2013-12-10 12:00:00,2013-12-10 11:00:00,12.37464,76.46806,Theft reported at UNIT-KA-MYSURU-02,500087,100087,2,1,3,4,4,700029
604,105771315201300604,201300604,2013-06-09,2013-06-09 10:00:00,2013-06-09 11:00:00,2013-06-09 10:00:00,12.15276,76.57423,Grievous Hurt reported at UNIT-KA-MYSURU-02,500087,100087,2,1,2,3,4,700029
605,105771315201300605,201300605,2013-07-09,2013-07-09 08:00:00,2013-07-09 09:00:00,2013-07-09 08:00:00,12.31983,76.48677,Other reported at UNIT-KA-MYSURU-02,500087,100087,2,1,1,1,2,700029
606,105775299201300606,201300606,2013-02-03,2013-02-03 17:00:00,2013-02-03 18:00:00,2013-02-03 17:00:00,12.2672,76.43579,Theft reported at UNIT-KA-MYSURU-01,500086,100086,2,1,3,4,4,700029
607,105775299201300607,201300607,2013-01-13,2013-01-13 16:00:00,2013-01-13 17:00:00,2013-01-13 16:00:00,12.28241,76.59893,Other reported at UNIT-KA-MYSURU-01,500086,100086,2,1,1,1,1,700029
608,105771315201300608,201300608,2013-08-22,2013-08-22 15:00:00,2013-08-22 16:00:00,2013-08-22 15:00:00,12.2545,76.35895,Other reported at UNIT-KA-MYSURU-02,500087,100087,2,1,1,1,5,700029
609,105771315201300609,201300609,2013-02-20,2013-02-20 20:00:00,2013-02-20 21:00:00,2013-02-20 20:00:00,12.37858,76.47216,Theft reported at UNIT-KA-MYSURU-02,500087,100087,2,1,3,4,1,700029
610,105771315201300610,201300610,2013-07-15,2013-07-15 10:00:00,2013-07-15 11:00:00,2013-07-15 10:00:00,12.21346,76.41111,Attempt Murder reported at UNIT-KA-MYSURU-02,500087,100087,2,2,2,12,1,700029
611,105771315201300611,201300611,2013-05-12,2013-05-12 04:00:00,2013-05-12 05:00:00,2013-05-12 04:00:00,12.33663,76.37839,Grievous Hurt reported at UNIT-KA-MYSURU-02,500087,100087,2,1,2,3,1,700029
612,105771315201300612,201300612,2013-05-12,2013-05-12 17:00:00,2013-05-12 18:00:00,2013-05-12 17:00:00,12.43232,76.62187,Cheating reported at UNIT-KA-MYSURU-02,500087,100087,2,1,6,8,1,700029
613,305771315201300613,201300613,2013-04-03,2013-04-03 08:00:00,2013-04-03 09:00:00,2013-04-03 08:00:00,12.15369,76.47504,Grievous Hurt reported at UNIT-KA-MYSURU-02,500087,100087,3,1,2,3,1,700029
614,305775299201300614,201300614,2013-03-22,2013-03-22 10:00:00,2013-03-22 11:00:00,2013-03-22 10:00:00,12.18382,76.56383,Kidnap Abduct reported at UNIT-KA-MYSURU-01,500086,100086,3,2,2,2,2,700029
615,305775299201300615,201300615,2013-01-14,2013-01-14 10:00:00,2013-01-14 11:00:00,2013-01-14 10:00:00,12.10716,76.57602,Other reported at UNIT-KA-MYSURU-01,500086,100086,3,1,1,1,2,700029
616,105770079201300616,201300616,2013-12-13,2013-12-13 13:00:00,2013-12-13 14:00:00,2013-12-13 13:00:00,12.12363,76.63086,Other reported at UNIT-KA-MYSURU-03,500088,100088,2,1,1,1,1,700029
617,105771315201300617,201300617,2013-07-19,2013-07-19 22:00:00,2013-07-19 23:00:00,2013-07-19 22:00:00,12.28711,76.72652,Burglary reported at UNIT-KA-MYSURU-02,500087,100087,2,1,3,5,1,700029
618,105771315201300618,201300618,2013-03-10,2013-03-10 09:00:00,2013-03-10 10:00:00,2013-03-10 09:00:00,12.40124,76.54552,Theft reported at UNIT-KA-MYSURU-02,500087,100087,2,1,3,4,5,700029
619,305771315201300619,201300619,2013-08-04,2013-08-04 20:00:00,2013-08-04 21:00:00,2013-08-04 20:00:00,12.23466,76.69318,Other reported at UNIT-KA-MYSURU-02,500087,100087,3,1,1,1,4,700029
620,405770079201300620,201300620,2013-08-26,2013-08-26 08:00:00,2013-08-26 09:00:00,2013-08-26 08:00:00,11.8726,76.67696,Kidnap Abduct reported at UNIT-KA-MYSURU-03,500088,100088,1,2,2,2,1,700029
621,105775299201300621,201300621,2013-03-05,2013-03-05 23:00:00,2013-03-05 23:00:00,2013-03-05 23:00:00,12.22689,76.4327,Other reported at UNIT-KA-MYSURU-01,500086,100086,2,1,1,1,1,700029
622,105575953201300622,201300622,2013-10-07,2013-10-07 17:00:00,2013-10-07 18:00:00,2013-10-07 17:00:00,16.51605,76.11535,Grievous Hurt reported at UNIT-KA-VIJAYAPURA-03,500091,100091,2,1,2,3,4,700030
623,105572320201300623,201300623,2013-10-19,2013-10-19 22:00:00,2013-10-19 23:00:00,2013-10-19 22:00:00,16.89183,76.098,Other reported at UNIT-KA-VIJAYAPURA-02,500090,100090,2,1,1,1,2,700030
624,105572320201300624,201300624,2013-01-03,2013-01-03 00:00:00,2013-01-03 01:00:00,2013-01-03 00:00:00,16.91656,75.8387,Other reported at UNIT-KA-VIJAYAPURA-02,500090,100090,2,1,1,1,4,700030
625,105575397201300625,201300625,2013-07-18,2013-07-18 22:00:00,2013-07-18 23:00:00,2013-07-18 22:00:00,16.86001,75.86099,Cheating reported at UNIT-KA-VIJAYAPURA-01,500089,100089,2,1,6,8,5,700030
626,105572320201300626,201300626,2013-03-12,2013-03-12 09:00:00,2013-03-12 10:00:00,2013-03-12 09:00:00,17.17838,76.17314,Riots reported at UNIT-KA-VIJAYAPURA-02,500090,100090,2,1,4,6,1,700030
627,105575953201300627,201300627,2013-11-20,2013-11-20 07:00:00,2013-11-20 08:00:00,2013-11-20 07:00:00,16.8634,76.02544,Other reported at UNIT-KA-VIJAYAPURA-03,500091,100091,2,1,1,1,4,700030
628,105575953201300628,201300628,2013-07-07,2013-07-07 19:00:00,2013-07-07 20:00:00,2013-07-07 19:00:00,16.98561,76.15341,Other reported at UNIT-KA-VIJAYAPURA-03,500091,100091,2,1,1,1,2,700030
629,105572320201300629,201300629,2013-11-12,2013-11-12 00:00:00,2013-11-12 01:00:00,2013-11-12 00:00:00,16.77665,75.82641,Assault Women Modesty reported at UNIT-KA-VIJAYAPURA-02,500090,100090,2,1,5,9,4,700030
630,405572320201300630,201300630,2013-09-27,2013-09-27 10:00:00,2013-09-27 11:00:00,2013-09-27 10:00:00,16.83494,75.98008,Attempt Murder reported at UNIT-KA-VIJAYAPURA-02,500090,100090,1,2,2,12,1,700030
631,105572320201300631,201300631,2013-07-01,2013-07-01 19:00:00,2013-07-01 20:00:00,2013-07-01 19:00:00,17.00454,75.98121,Other reported at UNIT-KA-VIJAYAPURA-02,500090,100090,2,1,1,1,1,700030
632,105575397201300632,201300632,2013-09-19,2013-09-19 20:00:00,2013-09-19 21:00:00,2013-09-19 20:00:00,17.01313,75.81344,Other reported at UNIT-KA-VIJAYAPURA-01,500089,100089,2,1,1,1,4,700030
633,405575397201300633,201300633,2013-06-13,2013-06-13 15:00:00,2013-06-13 16:00:00,2013-06-13 15:00:00,16.75418,75.9271,Murder reported at UNIT-KA-VIJAYAPURA-01,500089,100089,1,2,2,13,2,700030
634,105575397201300634,201300634,2013-01-22,2013-01-22 23:00:00,2013-01-22 23:00:00,2013-01-22 23:00:00,16.74868,75.94138,Other reported at UNIT-KA-VIJAYAPURA-01,500089,100089,2,1,1,1,4,700030
635,105575953201300635,201300635,2013-04-20,2013-04-20 11:00:00,2013-04-20 12:00:00,2013-04-20 11:00:00,16.92627,75.8949,Grievous Hurt reported at UNIT-KA-VIJAYAPURA-03,500091,100091,2,1,2,3,2,700030
636,105575397201300636,201300636,2013-11-13,2013-11-13 19:00:00,2013-11-13 20:00:00,2013-11-13 19:00:00,16.9505,76.04301,Riots reported at UNIT-KA-VIJAYAPURA-01,500089,100089,2,1,4,6,3,700030
637,405572320201300637,201300637,2013-07-22,2013-07-22 23:00:00,2013-07-22 23:00:00,2013-07-22 23:00:00,16.74777,75.94459,Other reported at UNIT-KA-VIJAYAPURA-02,500090,100090,1,1,1,1,5,700030
638,405575953201300638,201300638,2013-05-07,2013-05-07 15:00:00,2013-05-07 16:00:00,2013-05-07 15:00:00,16.59257,76.13076,Other reported at UNIT-KA-VIJAYAPURA-03,500091,100091,1,1,1,1,1,700030
639,105575397201300639,201300639,2013-03-01,2013-03-01 14:00:00,2013-03-01 15:00:00,2013-03-01 14:00:00,16.91979,75.73379,Grievous Hurt reported at UNIT-KA-VIJAYAPURA-01,500089,100089,2,1,2,3,2,700030
640,105572320201300640,201300640,2013-10-04,2013-10-04 00:00:00,2013-10-04 01:00:00,2013-10-04 00:00:00,16.88239,76.09003,Other reported at UNIT-KA-VIJAYAPURA-02,500090,100090,2,1,1,1,4,700030
641,105572320201300641,201300641,2013-05-19,2013-05-19 10:00:00,2013-05-19 11:00:00,2013-05-19 10:00:00,16.92585,76.1139,Burglary reported at UNIT-KA-VIJAYAPURA-02,500090,100090,2,1,3,5,4,700030
